tag,source,dataset,seed,repr,model,loss,ctd_0th_event_0.25,ctd_0th_event_0.5,ctd_0th_event_0.75,brier_0th_event_0.25,brier_0th_event_0.5,brier_0th_event_0.75,ctd_0th_event,brier_0th_event,ctd_weighted_avg,brier_survtrace_weighted_avg,mae_uncensored_0th_event,mae_margin_0th_event,mae_uncensored,mae_margin,brier_0th_event_n,brier_weighted_avg,ipcw_0th_event,ipcw_0th_event_0.25,ipcw_0th_event_0.50,ipcw_0th_event_0.75,ipcw_0th_event_1.00,ipcw_0th_event_n,ipcw_weighted_avg,runtime,samples_per_second,steps_per_second,recipe,variant,label
metabric_continuous__deephit_paper__s0,10_continuous_vs_discretised,metabric,0,continuous,deephit_paper,2.9603402614593506,0.6857182489880481,0.6735986107957864,0.6484662961284755,0.11565561062268848,0.2010637467462908,0.23311960488116684,0.66926105197077,0.19674062728881836,0.66926105197077,0.183279654083382,77.29058077862723,86.0659457934206,77.29058077862723,86.0659457934206,329,0.19674062728881836,0.6355232672813611,0.5937134623527527,0.6303174495697021,0.6430562734603882,0.642729640007019,578,0.6355232672813611,0.6138,941.646,3.258,,,DeepHit [continuous]
metabric_continuous__deephit_paper__s1,10_continuous_vs_discretised,metabric,1,continuous,deephit_paper,3.030830144882202,0.7134179959037662,0.6986738236894802,0.6629150901296161,0.11876220967295267,0.2009112465275309,0.24117171138036053,0.6916689699076208,0.19481901824474335,0.6916689699076208,0.1869483891936147,80.83561113114659,88.35336707048226,80.83561113114659,88.35336707048226,337,0.19481901824474335,0.6323334208556584,0.591624915599823,0.6269167065620422,0.6407220363616943,0.6385530233383179,561,0.6323334208556584,0.596,941.204,3.355,,,DeepHit [continuous]
metabric_continuous__deephit_paper__s2,10_continuous_vs_discretised,metabric,2,continuous,deephit_paper,2.851334810256958,0.7134077404948499,0.6581644807445902,0.6442005724213807,0.11062940347565192,0.2016359226600388,0.2455964666298416,0.6719242645536069,0.19419258832931519,0.6719242645536069,0.1859539309218441,76.27298198060632,87.98973409296259,76.27298198060632,87.98973409296259,340,0.19419258832931519,0.6567360797669399,0.6407779455184937,0.6542918682098389,0.6588386297225952,0.6599486470222473,605,0.6567360797669399,0.6111,990.076,3.273,,,DeepHit [continuous]
metabric_continuous__deephit_paper__s3,10_continuous_vs_discretised,metabric,3,continuous,deephit_paper,3.186739683151245,0.6918572796896847,0.6639756464564333,0.6468355264318162,0.13821733245882745,0.21660049220580074,0.24871359090587083,0.6675561508593114,0.21161913871765137,0.6675561508593114,0.2011771385234997,70.7499510470724,86.47722906339416,70.7499510470724,86.47722906339416,345,0.21161913871765137,0.6342896105624005,0.6158593893051147,0.6307302713394165,0.6382961869239807,0.6381596326828003,578,0.6342896105624005,0.5971,968.005,3.349,,,DeepHit [continuous]
metabric_continuous__deephit_paper__s4,10_continuous_vs_discretised,metabric,4,continuous,deephit_paper,2.9554011821746826,0.703842538486167,0.6728126325659511,0.6438458607944149,0.11829195064870866,0.20696494809700686,0.25800155604255504,0.6735003439488443,0.19877952337265015,0.6735003439488443,0.19441948492942351,69.32580870545387,85.70695717706229,69.32580870545387,85.70695717706229,326,0.19877952337265015,0.6467541617651781,0.6267048120498657,0.64021235704422,0.6512516736984253,0.6513192057609558,562,0.6467541617651781,0.6,936.612,3.333,,,DeepHit [continuous]
metabric_continuous__ours_nllpch__s0,10_continuous_vs_discretised,metabric,0,continuous,ours,0.6487016081809998,0.6879925528451097,0.6568704726490906,0.6358058966270985,0.1141921779925762,0.19390845497108608,0.2207051524077859,0.660222974040433,0.1884402334690094,0.660222974040433,0.17626859512381607,73.51879401055838,82.04934350041255,73.51879401055838,82.04934350041255,329,0.1884402334690094,0.6132970023650098,0.5948432683944702,0.6110149025917053,0.6304063200950623,0.6062467098236084,578,0.6132970023650098,0.5869,984.77,3.408,nllpch,nllpch,L_PCH [continuous]
metabric_continuous__ours_nllpch__s1,10_continuous_vs_discretised,metabric,1,continuous,ours,0.671886146068573,0.6838269263274137,0.7020073344780458,0.6637450452763866,0.12092543442750081,0.18346188937991736,0.2221289504409496,0.683193102027282,0.18117684125900269,0.683193102027282,0.17550542474945593,65.5953211511467,76.95900314878894,65.5953211511467,76.95900314878894,337,0.18117684125900269,0.6239201886313301,0.5773153901100159,0.6190846562385559,0.6408988237380981,0.6247468590736389,561,0.6239201886313301,0.5784,969.999,3.458,nllpch,nllpch,L_PCH [continuous]
metabric_continuous__ours_nllpch__s2,10_continuous_vs_discretised,metabric,2,continuous,ours,0.6638286709785461,0.7195334272583503,0.6689518287091991,0.6587107176710134,0.10551329205199497,0.186273679210209,0.22308280039824988,0.682398657879521,0.17890720069408417,0.682398657879521,0.1716232572201513,67.02507009418369,82.38334229648848,67.02507009418369,82.38334229648848,340,0.17890720069408417,0.6305780494906017,0.6419634819030762,0.6484151482582092,0.6548365354537964,0.6007214784622192,605,0.6305780494906017,0.6354,952.092,3.147,nllpch,nllpch,L_PCH [continuous]
metabric_continuous__ours_nllpch__s3,10_continuous_vs_discretised,metabric,3,continuous,ours,0.6623167395591736,0.6874760031976758,0.6671126669239251,0.6433905874624136,0.12917397857142368,0.19508211507825426,0.22203845547562753,0.6659930858613382,0.19092975556850433,0.6659930858613382,0.1820981830417685,65.71013486838933,79.23741088431649,65.71013486838933,79.23741088431649,345,0.19092975556850433,0.6169152169537163,0.6041967868804932,0.6086684465408325,0.6238277554512024,0.6194188594818115,578,0.6169152169537163,0.6145,940.623,3.255,nllpch,nllpch,L_PCH [continuous]
metabric_continuous__ours_nllpch__s4,10_continuous_vs_discretised,metabric,4,continuous,ours,0.6700525283813477,0.7134687448341155,0.6740016302882726,0.6552126373121674,0.11235602586559373,0.19180309863347433,0.2294400801709677,0.6808943374781853,0.18218012154102325,0.6808943374781853,0.17786640155667857,58.321129150605934,80.04692594614937,58.321129150605934,80.04692594614937,326,0.18218012154102325,0.6512241980024412,0.6468255519866943,0.6536940932273865,0.6620301604270935,0.6427369117736816,562,0.6512241980024412,0.5793,970.158,3.453,nllpch,nllpch,L_PCH [continuous]
metabric_discretised__deephit_paper__s0,10_continuous_vs_discretised,metabric,0,discretised,deephit_paper,2.986417770385742,0.6626829810588966,0.642033549292843,0.6084037103904645,0.11959751376599707,0.20453615406670872,0.23939417162164314,0.6377067469140679,0.20132723450660706,0.6377067469140679,0.18784261315144965,74.9358690910378,86.18584741127769,74.9358690910378,86.18584741127769,329,0.20132723450660706,0.6170963509615524,0.6050537824630737,0.6138004064559937,0.6203297972679138,0.6192895770072937,578,0.6170963509615524,0.5762,1003.203,3.471,,,DeepHit [discretised]
metabric_discretised__deephit_paper__s1,10_continuous_vs_discretised,metabric,1,discretised,deephit_paper,3.0210657119750977,0.7121687220321473,0.6911401265244004,0.6526744029912087,0.1208076317262021,0.20181579927899357,0.24240615888311398,0.6853277505159188,0.1961187720298767,0.6853277505159188,0.18834319662943655,86.87245595530912,91.15907780805543,86.87245595530912,91.15907780805543,337,0.1961187720298767,0.6278577855169135,0.6161007881164551,0.6218963265419006,0.631430447101593,0.6309410929679871,561,0.6278577855169135,0.5996,935.598,3.335,,,DeepHit [discretised]
metabric_discretised__deephit_paper__s2,10_continuous_vs_discretised,metabric,2,discretised,deephit_paper,2.9012765884399414,0.6852754402141226,0.6434129098556068,0.622201159709271,0.12557467917142448,0.21879226535630328,0.26524657377755434,0.6502965032596668,0.2114202082157135,0.6502965032596668,0.2032045061017607,63.62998584431555,86.24885313603309,63.62998584431555,86.24885313603309,340,0.2114202082157135,0.6351023520014888,0.6111003160476685,0.625795304775238,0.6410494446754456,0.6404878497123718,605,0.6351023520014888,0.5961,1015.004,3.355,,,DeepHit [discretised]
metabric_discretised__deephit_paper__s3,10_continuous_vs_discretised,metabric,3,discretised,deephit_paper,3.197070598602295,0.6693076028316559,0.6421863823130506,0.6188083199099514,0.13280422786843774,0.21010056218668335,0.24109075341102823,0.643434101684886,0.20490626990795135,0.643434101684886,0.19466518115538312,77.18281784853869,87.73176535507322,77.18281784853869,87.73176535507322,345,0.20490626990795135,0.6138632072810432,0.5921443700790405,0.6096312999725342,0.618206262588501,0.618729293346405,578,0.6138632072810432,0.5845,988.881,3.422,,,DeepHit [discretised]
metabric_discretised__deephit_paper__s4,10_continuous_vs_discretised,metabric,4,discretised,deephit_paper,3.0867972373962402,0.6806719187452129,0.648421671563762,0.6347863955624626,0.1166923111804699,0.20199667069048183,0.2445650440786132,0.6546266619571458,0.1925128698348999,0.6546266619571458,0.18775134198318832,75.39297568616684,85.80750865302615,75.39297568616684,85.80750865302615,326,0.1925128698348999,0.6360091797130949,0.6110903024673462,0.6321594715118408,0.6404529213905334,0.640451192855835,562,0.6360091797130949,0.5799,969.213,3.449,,,DeepHit [discretised]
metabric_discretised__ours_nllpch__s0,10_continuous_vs_discretised,metabric,0,discretised,ours,0.6849539279937744,0.6517932876492402,0.6335075828715733,0.6022685170144902,0.11925811263490804,0.2009276840469229,0.24359069215393286,0.6291897958451013,0.2008829265832901,0.6291897958451013,0.18792549627858793,61.43568786729395,83.64809989880607,61.43568786729395,83.64809989880607,329,0.2008829265832901,0.6016624550970774,0.5861392021179199,0.6003220081329346,0.6111725568771362,0.5990603566169739,578,0.6016624550970774,0.6049,955.608,3.307,nllpch,nllpch,L_PCH [discretised]
metabric_discretised__ours_nllpch__s1,10_continuous_vs_discretised,metabric,1,discretised,ours,0.6922056078910828,0.7052852679109002,0.6902458913006784,0.6377899619332024,0.11709539111583613,0.19260549537553506,0.2412092961546259,0.6777737070482605,0.19034098088741302,0.6777737070482605,0.1836367275486657,66.8468939469852,83.89809839431557,66.8468939469852,83.89809839431557,337,0.19034098088741302,0.5623217097502401,0.6020368933677673,0.5981316566467285,0.6017135977745056,0.5050949454307556,561,0.5623217097502401,0.5718,981.125,3.498,nllpch,nllpch,L_PCH [discretised]
metabric_discretised__ours_nllpch__s2,10_continuous_vs_discretised,metabric,2,discretised,ours,0.6751247644424438,0.6802933676038411,0.635993184749739,0.634325953990217,0.11033843701888928,0.2031123929317473,0.22801900834161648,0.6502041687812657,0.1896340399980545,0.6502041687812657,0.18048994609741767,61.0952498785569,82.03071768846378,61.0952498785569,82.03071768846378,340,0.1896340399980545,0.6235627923006123,0.6190580129623413,0.6260128021240234,0.6334441304206848,0.6158072352409363,605,0.6235627923006123,0.5983,1011.233,3.343,nllpch,nllpch,L_PCH [discretised]
metabric_discretised__ours_nllpch__s3,10_continuous_vs_discretised,metabric,3,discretised,ours,0.6858728528022766,0.6601367207377224,0.6430878206446852,0.6283212271517848,0.13568093822923344,0.20742482609371232,0.2283177210739279,0.6438485895113975,0.20027928054332733,0.6438485895113975,0.1904744951322912,71.97443837274896,82.38128281217584,71.97443837274896,82.38128281217584,345,0.20027928054332733,0.5990152010070435,0.5779941082000732,0.6007557511329651,0.6128619313240051,0.5934352874755859,578,0.5990152010070435,0.5825,992.251,3.433,nllpch,nllpch,L_PCH [discretised]
metabric_discretised__ours_nllpch__s4,10_continuous_vs_discretised,metabric,4,discretised,ours,0.67963707447052,0.6905168866158845,0.6519477265723675,0.6375480695071603,0.11271368221530238,0.196688338221541,0.23259729163393986,0.6600042275651374,0.18614588677883148,0.6600042275651374,0.18066643735692775,67.78004543729936,80.57098061950649,67.78004543729936,80.57098061950649,326,0.18614588677883148,0.6202177987525276,0.6139651536941528,0.6243820190429688,0.6423141360282898,0.6026444435119629,562,0.6202177987525276,0.5423,1036.28,3.688,nllpch,nllpch,L_PCH [discretised]
support_continuous__deephit_paper__s0,10_continuous_vs_discretised,support,0,continuous,deephit_paper,3.856462001800537,0.6418987006099178,0.5835712876530262,0.5804593944559204,0.13703001739384948,0.22952922798569234,0.26174832051430524,0.6019764609062882,0.23429186642169952,0.6019764609062882,0.20943585529794903,598.7792118898958,827.3065987545523,598.7792118898958,827.3065987545523,1844,0.23429186642169952,0.5837846098576893,0.5451565384864807,0.5850452780723572,0.5888822674751282,0.5888551473617554,2706,0.5837846098576893,3.4088,793.817,1.76,,,DeepHit [continuous]
support_continuous__deephit_paper__s1,10_continuous_vs_discretised,support,1,continuous,deephit_paper,3.9421160221099854,0.6281608470476502,0.5786977759393939,0.5764665732197819,0.14573357579656038,0.2332943749932844,0.2649548531340636,0.594441732068942,0.23830313980579376,0.594441732068942,0.2146609346413028,572.6317457313812,820.7906445965504,572.6317457313812,820.7906445965504,1819,0.23830313980579376,0.578044605888694,0.5535406470298767,0.5772985816001892,0.5818909406661987,0.5818542242050171,2682,0.578044605888694,3.4729,772.273,1.728,,,DeepHit [continuous]
support_continuous__deephit_paper__s2,10_continuous_vs_discretised,support,2,continuous,deephit_paper,4.029492378234863,0.6164808549696081,0.5941588003432577,0.5937941253441479,0.1536405141615939,0.23846130496905948,0.2726426419835471,0.6014779268856713,0.24476617574691772,0.6014779268856713,0.22158148703806682,529.7527103515489,798.0337884358036,529.7527103515489,798.0337884358036,1824,0.24476617574691772,0.5859155154248724,0.5445560812950134,0.578723132610321,0.5944482684135437,0.5944588780403137,2675,0.5859155154248724,3.0724,870.664,1.953,,,DeepHit [continuous]
support_continuous__deephit_paper__s3,10_continuous_vs_discretised,support,3,continuous,deephit_paper,3.93943190574646,0.6486887363145736,0.6118469134093577,0.5962482654756013,0.14547991122691217,0.23040098933419587,0.27151200281358523,0.6189279717331776,0.23949743807315826,0.6189279717331776,0.21579763445823108,542.440373137867,803.6578205888642,542.440373137867,803.6578205888642,1796,0.23949743807315826,0.5869528625069595,0.5540052652359009,0.5805362462997437,0.5936591625213623,0.5936543941497803,2635,0.5869528625069595,2.9356,897.613,2.044,,,DeepHit [continuous]
support_continuous__deephit_paper__s4,10_continuous_vs_discretised,support,4,continuous,deephit_paper,4.089860439300537,0.6234036159009047,0.5975949068269442,0.5778864464541202,0.15526022822610117,0.23897322956976053,0.2685828333351392,0.5996283230606564,0.24350541830062866,0.5996283230606564,0.22093876371033364,548.298367539049,801.188358974904,548.298367539049,801.188358974904,1834,0.24350541830062866,0.574225486298415,0.5251181125640869,0.5709449648857117,0.5828852653503418,0.5829160809516907,2666,0.574225486298415,3.6088,738.749,1.663,,,DeepHit [continuous]
support_continuous__ours_nllpch__s0,10_continuous_vs_discretised,support,0,continuous,ours,0.906933605670929,0.652157973826106,0.6013556844752915,0.5879147586924177,0.13308184728992142,0.2156132824842899,0.2357302496821728,0.6138094723312717,0.21627923846244812,0.6138094723312717,0.19480845981879472,595.8794556379231,795.6990163016848,595.8794556379231,795.6990163016848,1844,0.21627923846244812,0.571757363335295,0.5467647910118103,0.5691434144973755,0.586466372013092,0.5681847929954529,2706,0.571757363335295,3.1108,869.875,1.929,nllpch,nllpch,L_PCH [continuous]
support_continuous__ours_nllpch__s1,10_continuous_vs_discretised,support,1,continuous,ours,0.9276293516159058,0.6428400507516286,0.5979044727024672,0.5913037670317927,0.1397368598229816,0.21965141875371086,0.23704996481610824,0.6106827634952962,0.21935899555683136,0.6106827634952962,0.1988127477976002,546.4398417906481,783.6446328177644,546.4398417906481,783.6446328177644,1819,0.21935899555683136,0.5720016634612269,0.5445076823234558,0.5602855086326599,0.5860983729362488,0.574386715888977,2682,0.5720016634612269,3.0424,881.554,1.972,nllpch,nllpch,L_PCH [continuous]
support_continuous__ours_nllpch__s2,10_continuous_vs_discretised,support,2,continuous,ours,0.9327221512794495,0.6114083194357738,0.5835672625194537,0.5884501756847079,0.14907968980674965,0.22735894674297233,0.2354196493819211,0.5944752525466451,0.2233738750219345,0.5944752525466451,0.20395276197721435,586.1274252381664,796.984517318814,586.1274252381664,796.984517318814,1824,0.2233738750219345,0.5660986435954405,0.5270951986312866,0.5426425933837891,0.5847041606903076,0.5748175978660583,2675,0.5660986435954405,2.9925,893.914,2.005,nllpch,nllpch,L_PCH [continuous]
support_continuous__ours_nllpch__s3,10_continuous_vs_discretised,support,3,continuous,ours,0.929661750793457,0.6441159581753909,0.6115705894171527,0.5972791119235078,0.1413476593467501,0.2183520867345726,0.23761391253161104,0.6176552198386838,0.21918000280857086,0.6176552198386838,0.19910455287097792,504.1619664323651,757.8184825054892,504.1619664323651,757.8184825054892,1796,0.21918000280857086,0.5747225562114674,0.5450928211212158,0.5707792639732361,0.5897914171218872,0.5730341076850891,2635,0.5747225562114674,3.0604,861.012,1.961,nllpch,nllpch,L_PCH [continuous]
support_continuous__ours_nllpch__s4,10_continuous_vs_discretised,support,4,continuous,ours,0.9262968301773071,0.6414330326615766,0.6056072312948626,0.5852443361786406,0.1461650483808746,0.2195931364636723,0.23934212015583753,0.6107615333783599,0.22091209888458252,0.6107615333783599,0.20170010166679483,557.164572328067,773.6693448519211,557.164572328067,773.6693448519211,1834,0.22091209888458252,0.5754560594939939,0.5599381327629089,0.5778309106826782,0.5863780379295349,0.5703194737434387,2666,0.5754560594939939,3.4754,767.112,1.726,nllpch,nllpch,L_PCH [continuous]
support_discretised__deephit_paper__s0,10_continuous_vs_discretised,support,0,discretised,deephit_paper,3.879499912261963,0.6558584209130622,0.6111398716505303,0.6093361333005908,0.1409708751410301,0.2302984964908161,0.2686450157486687,0.6254448086213945,0.23786838352680206,0.6254448086213945,0.21330479579350495,534.6655437005967,791.1393922770176,534.6655437005967,791.1393922770176,1844,0.23786838352680206,0.6052831619179153,0.580177903175354,0.6010630130767822,0.6099973917007446,0.6100162267684937,2706,0.6052831619179153,2.9354,921.851,2.044,,,DeepHit [discretised]
support_discretised__deephit_paper__s1,10_continuous_vs_discretised,support,1,discretised,deephit_paper,3.9203128814697266,0.6519571653286242,0.6073295082663107,0.5994945816665995,0.1428914634151417,0.23180945322178959,0.2637373111410655,0.6195937517538448,0.2368120700120926,0.6195937517538448,0.21281274259266558,558.9621563627046,810.3951945781654,558.9621563627046,810.3951945781654,1819,0.2368120700120926,0.6018091697782194,0.5735363364219666,0.6041579842567444,0.6052441000938416,0.6053359508514404,2682,0.6018091697782194,2.8275,948.556,2.122,,,DeepHit [discretised]
support_discretised__deephit_paper__s2,10_continuous_vs_discretised,support,2,discretised,deephit_paper,4.019927978515625,0.6381190456399981,0.6133232974076283,0.61681427265283,0.14881070753424233,0.23419236183768796,0.26905584471818883,0.6227522052334854,0.2407280057668686,0.6227522052334854,0.21735297136337306,531.8735258663584,795.8382154726154,531.8735258663584,795.8382154726154,1824,0.2407280057668686,0.6051317333380211,0.5660489201545715,0.5936115980148315,0.6146034598350525,0.6145907640457153,2675,0.6051317333380211,2.92,916.099,2.055,,,DeepHit [discretised]
support_discretised__deephit_paper__s3,10_continuous_vs_discretised,support,3,discretised,deephit_paper,3.9262349605560303,0.6587061155422949,0.6245725371139276,0.6126930370041993,0.14199647608926647,0.2309391672638844,0.27032532159241884,0.6319905632201407,0.2389702945947647,0.6319905632201407,0.21442032164852323,529.2987317933197,793.0289483398693,529.2987317933197,793.0289483398693,1796,0.2389702945947647,0.6098148306034621,0.5775524973869324,0.6114922761917114,0.61412513256073,0.6141042113304138,2635,0.6098148306034621,2.8624,920.558,2.096,,,DeepHit [discretised]
support_discretised__deephit_paper__s4,10_continuous_vs_discretised,support,4,discretised,deephit_paper,4.05934476852417,0.6536988723720257,0.6175881284675422,0.6005073232961363,0.15025471293510081,0.23379597094122534,0.2705488037821409,0.6239314413785682,0.24125587940216064,0.6239314413785682,0.21819982921948902,541.1966723905817,797.7935026434066,541.1966723905817,797.7935026434066,1834,0.24125587940216064,0.6041353946343919,0.5819293856620789,0.6071425676345825,0.6066804528236389,0.606788158416748,2666,0.6041353946343919,2.9083,916.696,2.063,,,DeepHit [discretised]
support_discretised__ours_nllpch__s0,10_continuous_vs_discretised,support,0,discretised,ours,0.9055683016777039,0.657435553880724,0.6139715898611929,0.6106353012552905,0.1335706375788918,0.21497975798072413,0.23044725053645876,0.6273474816657358,0.213842511177063,0.6273474816657358,0.19299921536535822,571.0889758776284,770.9070320238673,571.0889758776284,770.9070320238673,1844,0.213842511177063,0.5947699272884577,0.5748611092567444,0.5967387557029724,0.6075825095176697,0.589104413986206,2706,0.5947699272884577,3.8188,708.599,1.571,nllpch,nllpch,L_PCH [discretised]
support_discretised__ours_nllpch__s1,10_continuous_vs_discretised,support,1,discretised,ours,0.9130710363388062,0.6502863126419042,0.6156202521898542,0.6083439772506853,0.13751768012230917,0.215007209838182,0.23053621445664632,0.6247501806941479,0.2141946405172348,0.6247501806941479,0.19435370147237915,572.2657321425853,784.6558182962946,572.2657321425853,784.6558182962946,1819,0.2141946405172348,0.588703828487903,0.5516923666000366,0.5848183035850525,0.6052135229110718,0.5877518653869629,2682,0.588703828487903,2.8813,930.843,2.082,nllpch,nllpch,L_PCH [discretised]
support_discretised__ours_nllpch__s2,10_continuous_vs_discretised,support,2,discretised,ours,0.929724395275116,0.6284178711709497,0.596042839342768,0.6065604006338083,0.14801780913767507,0.22629696142603226,0.2308024131336729,0.6103403703825087,0.22087305784225464,0.6103403703825087,0.20170572789912675,576.8237180582819,771.6651993181052,576.8237180582819,771.6651993181052,1824,0.22087305784225464,0.5877341438580852,0.546709418296814,0.5747659206390381,0.6080901026725769,0.5902333855628967,2675,0.5877341438580852,3.335,802.099,1.799,nllpch,nllpch,L_PCH [discretised]
support_discretised__ours_nllpch__s3,10_continuous_vs_discretised,support,3,discretised,ours,0.9139444828033447,0.6537103029632442,0.6284087921645879,0.6143004135531258,0.13886274724038836,0.21301888234364597,0.23153340271511452,0.632139836226986,0.2137904018163681,0.632139836226986,0.19447167743304963,592.5946768439579,781.0396593276577,592.5946768439579,781.0396593276577,1796,0.2137904018163681,0.5995907893466316,0.5776635408401489,0.5980533361434937,0.6106464862823486,0.5977246165275574,2635,0.5995907893466316,3.1856,827.158,1.883,nllpch,nllpch,L_PCH [discretised]
support_discretised__ours_nllpch__s4,10_continuous_vs_discretised,support,4,discretised,ours,0.9245229959487915,0.6398045270626358,0.6100939762718239,0.5871691826256571,0.1475828067323,0.21942532685719565,0.23698158645387124,0.612355895320039,0.21999773383140564,0.612355895320039,0.2013299066811223,550.4888565425722,774.7199925631388,550.4888565425722,774.7199925631388,1834,0.21999773383140564,0.5775641894663326,0.5540784001350403,0.576073169708252,0.5897009372711182,0.5756906867027283,2666,0.5775641894663326,2.9702,897.581,2.02,nllpch,nllpch,L_PCH [discretised]
