,,within_ctd,within_ctd,ctd_weighted_avg,ctd_weighted_avg,within_ctd_gain,within_ctd_gain
,,mean,std,mean,std,mean,std
value,label,,,,,,
0.2,Cox PH (cause-specific),0.6453,0.003,0.6702,0.0017,0.069,0.0063
0.2,L_PCH,0.6713,0.0088,0.7131,0.0018,0.095,0.0073
0.2,L_PCH + L_mul,0.6697,0.0127,0.6998,0.0041,0.0934,0.0124
0.2,L_PCH + L_rank + L_mul (paper),0.6606,0.0068,0.7136,0.0003,0.0843,0.0141
0.2,Oracle (true CIF),0.6958,0.0063,0.7317,0.0038,0.1196,0.0114
0.4,Cox PH (cause-specific),0.6499,0.0056,0.6764,0.0025,0.0678,0.0053
0.4,L_PCH,0.6792,0.0008,0.714,0.0015,0.0971,0.007
0.4,L_PCH + L_mul,0.6627,0.0087,0.6989,0.0033,0.0806,0.0026
0.4,L_PCH + L_rank + L_mul (paper),0.6663,0.0064,0.711,0.0032,0.0842,0.0096
0.4,Oracle (true CIF),0.6987,0.0073,0.7338,0.004,0.1167,0.0111
0.6,Cox PH (cause-specific),0.66,0.0022,0.679,0.0016,0.0598,0.0058
0.6,L_PCH,0.6806,0.005,0.7096,0.0056,0.0804,0.0105
0.6,L_PCH + L_mul,0.6742,0.0054,0.7034,0.0003,0.074,0.0116
0.6,L_PCH + L_rank + L_mul (paper),0.6658,0.0097,0.7104,0.0055,0.0656,0.0068
0.6,Oracle (true CIF),0.7079,0.0063,0.7382,0.0028,0.1077,0.0121
0.8,Cox PH (cause-specific),0.6938,0.0041,0.6938,0.0014,0.0435,0.0071
0.8,L_PCH,0.6877,0.0172,0.6996,0.0131,0.0373,0.0126
0.8,L_PCH + L_mul,0.6932,0.0029,0.6983,0.0112,0.0429,0.0088
0.8,L_PCH + L_rank + L_mul (paper),0.691,0.0076,0.7148,0.0032,0.0407,0.0034
0.8,Oracle (true CIF),0.7243,0.0072,0.7505,0.0023,0.074,0.0134
