label,C_td ↑,Brier ↓,Within-subject C ↑,"Within C, population KM",Within C gain over KM ↑,MAE-margin ↓,MAE-uncens. ↓,n
Cox PH (cause-specific),0.679 ± 0.005,0.175 ± 0.003,0.647 ± 0.007,0.580 ± 0.006,0.067 ± 0.004,251.993 ± 2.881,211.126 ± 3.071,5
DeepHit,0.712 ± 0.003,0.230 ± 0.005,0.678 ± 0.008,0.580 ± 0.006,0.098 ± 0.010,488.904 ± 9.250,565.445 ± 12.003,5
DSM,0.712 ± 0.005,0.167 ± 0.002,0.668 ± 0.004,0.580 ± 0.006,0.088 ± 0.005,228.987 ± 2.386,182.736 ± 11.827,5
MENSA,0.701 ± 0.021,0.172 ± 0.011,0.649 ± 0.041,0.580 ± 0.006,0.069 ± 0.046,239.735 ± 15.129,197.871 ± 15.344,5
Oracle (true CIF),0.736 ± 0.004,0.156 ± 0.002,0.696 ± 0.006,0.580 ± 0.006,0.117 ± 0.008,214.666 ± 3.593,179.617 ± 3.160,5
L_PCH,0.713 ± 0.007,0.166 ± 0.003,0.674 ± 0.008,0.580 ± 0.006,0.094 ± 0.009,233.955 ± 8.016,203.432 ± 9.023,5
L_PCH + L_mul,0.700 ± 0.004,0.172 ± 0.001,0.666 ± 0.007,0.580 ± 0.006,0.086 ± 0.004,237.519 ± 2.938,194.172 ± 10.537,5
L_PCH + L_rank + L_mul + MMV [λv=1],0.712 ± 0.005,0.213 ± 0.005,0.673 ± 0.015,0.580 ± 0.006,0.093 ± 0.013,252.258 ± 2.177,165.344 ± 1.575,5
L_PCH + L_rank + L_mul (paper),0.713 ± 0.006,0.182 ± 0.002,0.658 ± 0.014,0.580 ± 0.006,0.078 ± 0.013,255.519 ± 7.144,209.263 ± 12.258,5
L_PCH + L_rank,0.713 ± 0.003,0.180 ± 0.002,0.639 ± 0.008,0.580 ± 0.006,0.059 ± 0.008,254.915 ± 2.656,211.812 ± 3.456,5
