label,C_td ↑,Brier ↓,MAE-margin ↓,MAE-uncens. ↓,n
Cox PH (cause-specific),0.562 ± 0.004,0.203 ± 0.003,798.445 ± 5.934,605.580 ± 5.916,5
DeepHit,0.610 ± 0.003,0.216 ± 0.001,801.656 ± 6.381,542.999 ± 14.435,5
DSM,0.583 ± 0.049,0.260 ± 0.115,857.069 ± 98.680,646.711 ± 225.101,5
MENSA,0.536 ± 0.022,0.228 ± 0.019,789.827 ± 6.649,505.170 ± 6.145,5
L_PCH,0.619 ± 0.008,0.197 ± 0.002,793.356 ± 16.575,591.164 ± 22.854,5
L_PCH + MMV [λv=0.01],0.608 ± 0.008,0.199 ± 0.002,779.803 ± 20.693,568.346 ± 38.223,5
L_PCH + L_rank + L_mul + MMV [λv=0.01],0.613 ± 0.008,0.204 ± 0.003,803.492 ± 13.965,554.649 ± 31.684,5
L_PCH + L_rank + L_mul + MMV [λv=0.1],0.612 ± 0.005,0.203 ± 0.002,800.058 ± 10.469,546.475 ± 17.956,5
L_PCH + L_rank + L_mul + MMV [λv=1],0.616 ± 0.011,0.204 ± 0.003,768.345 ± 8.981,469.140 ± 14.151,5
L_PCH + L_rank,0.619 ± 0.006,0.203 ± 0.002,812.327 ± 7.141,572.286 ± 12.301,5
