,,within_ctd,within_ctd,ctd_weighted_avg,ctd_weighted_avg,within_ctd_gain,within_ctd_gain,true_order_brier,true_order_brier
,,mean,std,mean,std,mean,std,mean,std
value,label,,,,,,,,
500.0,Cox PH (cause-specific),0.6564,0.0095,0.6825,0.0268,0.0617,0.0229,0.221,0.0107
500.0,L_PCH,0.6382,0.0296,0.6714,0.0282,0.0435,0.0448,0.2295,0.0121
500.0,L_PCH + L_mul,0.6198,0.0078,0.6571,0.0292,0.0251,0.0248,0.2337,0.0044
500.0,L_PCH + L_rank + L_mul (paper),0.6157,0.0086,0.6604,0.0202,0.021,0.022,0.2358,0.0067
500.0,Oracle (true CIF),0.6925,0.0135,0.7294,0.0354,0.0978,0.0315,0.2017,0.0081
1000.0,Cox PH (cause-specific),0.611,0.0056,0.6392,0.0057,0.0205,0.0222,0.2403,0.002
1000.0,L_PCH,0.6048,0.0081,0.6596,0.0136,0.0143,0.0187,0.2423,0.0041
1000.0,L_PCH + L_mul,0.6134,0.002,0.6559,0.0076,0.023,0.0282,0.2415,0.0014
1000.0,L_PCH + L_rank + L_mul (paper),0.6156,0.0093,0.6604,0.0071,0.0251,0.017,0.2426,0.0005
1000.0,Oracle (true CIF),0.6642,0.012,0.7105,0.0051,0.0737,0.0155,0.2202,0.0011
2500.0,Cox PH (cause-specific),0.6206,0.0033,0.688,0.0096,0.0342,0.0029,0.2381,0.0013
2500.0,L_PCH,0.6247,0.0022,0.6809,0.0065,0.0383,0.0035,0.2348,0.0009
2500.0,L_PCH + L_mul,0.6203,0.0092,0.674,0.0129,0.0339,0.0073,0.2407,0.0003
2500.0,L_PCH + L_rank + L_mul (paper),0.613,0.0073,0.6769,0.0093,0.0266,0.0054,0.243,0.0029
2500.0,Oracle (true CIF),0.6602,0.0097,0.7326,0.0085,0.0738,0.0111,0.2196,0.0023
5000.0,Cox PH (cause-specific),0.6499,0.0056,0.6764,0.0025,0.0678,0.0053,0.2267,0.0004
5000.0,L_PCH,0.6783,0.0119,0.7128,0.0009,0.0962,0.0137,0.2133,0.0008
5000.0,L_PCH + L_mul,0.6764,0.0054,0.6984,0.0029,0.0943,0.0101,0.2256,0.001
5000.0,L_PCH + L_rank + L_mul (paper),0.6708,0.0032,0.7121,0.0002,0.0887,0.0089,0.2295,0.0005
5000.0,Oracle (true CIF),0.6987,0.0073,0.7338,0.004,0.1167,0.0111,0.2027,0.0008
10000.0,Cox PH (cause-specific),0.6495,0.0031,0.6637,0.002,0.0729,0.0016,0.2262,0.0015
10000.0,L_PCH,0.6845,0.0096,0.7251,0.0027,0.1079,0.0105,0.2112,0.0016
10000.0,L_PCH + L_mul,0.6678,0.008,0.7094,0.0026,0.0911,0.0066,0.2259,0.0011
10000.0,L_PCH + L_rank + L_mul (paper),0.6746,0.0067,0.7211,0.0024,0.0979,0.0082,0.2292,0.0016
10000.0,Oracle (true CIF),0.694,0.0046,0.7361,0.0024,0.1174,0.0042,0.2039,0.0012
