tag,source,dataset,seed,repr,stage,model,loss,ctd_0th_event_0.25,ctd_0th_event_0.5,ctd_0th_event_0.75,brier_0th_event_0.25,brier_0th_event_0.5,brier_0th_event_0.75,ctd_0th_event,brier_0th_event,ctd_weighted_avg,brier_survtrace_weighted_avg,mae_uncensored_0th_event,mae_margin_0th_event,mae_uncensored,mae_margin,brier_0th_event_n,brier_weighted_avg,ipcw_0th_event,ipcw_0th_event_0.25,ipcw_0th_event_0.50,ipcw_0th_event_0.75,ipcw_0th_event_1.00,ipcw_0th_event_n,ipcw_weighted_avg,runtime,samples_per_second,steps_per_second,recipe,lambda_v,transformer_num_hidden_layers,transformer_hidden_size,transformer_intermediate_size,learning_rate,variant,label
enc__metabric_continuous__deephit_paper__s0,12_final_support_and_encoding,metabric_encoding,0.0,continuous,encoding,deephit_paper,2.981271266937256,0.655101122599378,0.6302639421719555,0.6136920530553015,0.11923230235244058,0.20701479588149235,0.24634282948585184,0.633019039275545,0.20465204119682312,0.633019039275545,0.19086330923992825,72.34758265960286,86.19450003424483,72.34758265960286,86.19450003424483,329.0,0.20465204119682312,0.6182349584041498,0.6082356572151184,0.6150302290916443,0.6226691007614136,0.6189948320388794,578.0,0.6182349584041498,0.611,946.033,3.273,,,,,,,,DeepHit [continuous]
enc__metabric_continuous__deephit_paper__s1,12_final_support_and_encoding,metabric_encoding,1.0,continuous,encoding,deephit_paper,3.0408036708831787,0.696474743769606,0.6885033492851389,0.6551332223076324,0.1224885290290958,0.20268594250515184,0.24385890889919268,0.6800371051207925,0.19727306067943573,0.6800371051207925,0.18967779347781344,80.99468026483129,88.96187539936628,80.99468026483129,88.96187539936628,337.0,0.19727306067943573,0.6220052412578039,0.5791847705841064,0.6110942363739014,0.6313008666038513,0.6307636499404907,561.0,0.6220052412578039,0.5872,955.461,3.406,,,,,,,,DeepHit [continuous]
enc__metabric_continuous__deephit_paper__s2,12_final_support_and_encoding,metabric_encoding,2.0,continuous,encoding,deephit_paper,2.885514497756958,0.6968114495379601,0.6498212079195518,0.6484719550865631,0.11380068418700319,0.2013720520762034,0.24429325055892592,0.665034870848025,0.19435574114322662,0.665034870848025,0.18648866227404418,69.7393749907011,84.6593866064038,69.7393749907011,84.6593866064038,340.0,0.19435574114322662,0.6544072307725818,0.6422431468963623,0.6523683667182922,0.6564012765884399,0.6566386818885803,605.0,0.6544072307725818,0.646,936.592,3.096,,,,,,,,DeepHit [continuous]
enc__metabric_continuous__deephit_paper__s3,12_final_support_and_encoding,metabric_encoding,3.0,continuous,encoding,deephit_paper,3.185779094696045,0.6933475673228104,0.6641398672451635,0.6492576384197527,0.13418590919146106,0.20983114216640708,0.2449318419559325,0.6689150243292422,0.20620734989643097,0.6689150243292422,0.19631629777126688,73.20475904525917,86.9514838273086,73.20475904525917,86.9514838273086,345.0,0.20620734989643097,0.6232271167303272,0.6168181300163269,0.6201481819152832,0.6275545358657837,0.6232977509498596,578.0,0.6232271167303272,0.5825,992.241,3.433,,,,,,,,DeepHit [continuous]
enc__metabric_continuous__deephit_paper__s4,12_final_support_and_encoding,metabric_encoding,4.0,continuous,encoding,deephit_paper,2.95918869972229,0.7179956167762289,0.6602849157386316,0.6267615783513971,0.1167924757474936,0.20403503099321782,0.2547510767979577,0.6683473702887525,0.19636446237564087,0.6683473702887525,0.19185952784622304,75.03847475562817,87.70533606669851,75.03847475562817,87.70533606669851,326.0,0.19636446237564087,0.648277749983119,0.6334185600280762,0.6496740579605103,0.6473886370658875,0.6518279910087585,562.0,0.648277749983119,0.5794,969.944,3.452,,,,,,,,DeepHit [continuous]
enc__metabric_continuous__ours_nllpch__s0,12_final_support_and_encoding,metabric_encoding,0.0,continuous,encoding,ours,0.6583528518676758,0.6750448458280738,0.6652860798064878,0.6368520497767851,0.11948605390164004,0.19212712006187677,0.22050621112557886,0.6590609918037823,0.18923771381378174,0.6590609918037823,0.17737312836303187,62.85510208862172,80.41219290074993,62.85510208862172,80.41219290074993,329.0,0.18923771381378174,0.6148299903805585,0.5955120921134949,0.6042250394821167,0.6290091872215271,0.6143622994422913,578.0,0.6148299903805585,0.5571,1037.522,3.59,nllpch,,,,,,nllpch,L_PCH [continuous]
enc__metabric_continuous__ours_nllpch__s1,12_final_support_and_encoding,metabric_encoding,1.0,continuous,encoding,ours,0.6952555775642395,0.6750885668995907,0.6872099252926649,0.6603795021109136,0.12000488751528073,0.1930779978463946,0.23991603628827204,0.6742259981010564,0.19101211428642273,0.6742259981010564,0.1843329738833158,79.59805648328323,82.41376251877914,79.59805648328323,82.41376251877914,337.0,0.19101211428642273,0.6182960449230104,0.5706248879432678,0.6037304401397705,0.6305214166641235,0.6278116106987,561.0,0.6182960449230104,0.5828,962.525,3.431,nllpch,,,,,,nllpch,L_PCH [continuous]
enc__metabric_continuous__ours_nllpch__s2,12_final_support_and_encoding,metabric_encoding,2.0,continuous,encoding,ours,0.6734548807144165,0.7148444941875629,0.6743800929442807,0.6371593051196163,0.10869331122707081,0.19212484312443245,0.23265330323472483,0.6754612974171533,0.18528418242931366,0.6754612974171533,0.17782381919540935,70.72576547793615,85.92411872232888,70.72576547793615,85.92411872232888,340.0,0.18528418242931366,0.6046224914553043,0.6052785515785217,0.6240154504776001,0.6408212780952454,0.5672804117202759,605.0,0.6046224914553043,0.649,932.257,3.082,nllpch,,,,,,nllpch,L_PCH [continuous]
enc__metabric_continuous__ours_nllpch__s3,12_final_support_and_encoding,metabric_encoding,3.0,continuous,encoding,ours,0.6589521169662476,0.6854940792917981,0.6662710126628575,0.6387848251999176,0.13068463233170843,0.1965091619561488,0.21865805274314865,0.6635166390515245,0.19091898202896118,0.6635166390515245,0.18195061567700196,68.77616982471518,79.87149081891751,68.77616982471518,79.87149081891751,345.0,0.19091898202896118,0.6168349544795607,0.6052818894386292,0.6185693740844727,0.6271058320999146,0.611356258392334,578.0,0.6168349544795607,0.5853,987.568,3.417,nllpch,,,,,,nllpch,L_PCH [continuous]
enc__metabric_continuous__ours_nllpch__s4,12_final_support_and_encoding,metabric_encoding,4.0,continuous,encoding,ours,0.6596123576164246,0.7068604860449338,0.6673771821756899,0.6495638290063113,0.11177477060302228,0.1900533536744895,0.22515517439783975,0.674600499075645,0.18055419623851776,0.674600499075645,0.17566109955845052,63.92097207265005,78.46022096311295,63.92097207265005,78.46022096311295,326.0,0.18055419623851776,0.6443345463451218,0.6327184438705444,0.6430342793464661,0.6524649262428284,0.6414961218833923,562.0,0.6443345463451218,0.5414,1037.959,3.694,nllpch,,,,,,nllpch,L_PCH [continuous]
enc__metabric_discretised__deephit_paper__s0,12_final_support_and_encoding,metabric_encoding,0.0,discretised,encoding,deephit_paper,2.992324113845825,0.6509513227543383,0.6377094684305569,0.6119282601203309,0.11908824238179122,0.2027828810714087,0.23712444709217553,0.6335296837684087,0.19952444732189178,0.6335296837684087,0.18633185684845846,77.41349902564849,86.74031126769712,77.41349902564849,86.74031126769712,329.0,0.19952444732189178,0.6146836046479707,0.5886234045028687,0.6076204180717468,0.6202371120452881,0.6204655170440674,578.0,0.6146836046479707,0.6371,907.168,3.139,,,,,,,,DeepHit [discretised]
enc__metabric_discretised__deephit_paper__s1,12_final_support_and_encoding,metabric_encoding,1.0,discretised,encoding,deephit_paper,3.093852996826172,0.7163423568348921,0.689430053978838,0.6420232735787758,0.1263553548040899,0.2103703061701934,0.25208232773350947,0.6825985614641686,0.2042880356311798,0.6825985614641686,0.19626932956926427,74.7055352250966,88.12606896366857,74.7055352250966,88.12606896366857,337.0,0.2042880356311798,0.6132242669673652,0.6174739599227905,0.6190662980079651,0.6103848218917847,0.6114695072174072,561.0,0.6132242669673652,0.6334,885.675,3.157,,,,,,,,DeepHit [discretised]
enc__metabric_discretised__deephit_paper__s2,12_final_support_and_encoding,metabric_encoding,2.0,discretised,encoding,deephit_paper,2.9164934158325195,0.6816388259094079,0.6454476661471577,0.6254586561300401,0.11597902769621889,0.20884250864134848,0.252048244738552,0.6508483827288686,0.20066134631633759,0.6508483827288686,0.19228992702537315,71.18460145034018,87.95202638420695,71.18460145034018,87.95202638420695,340.0,0.20066134631633759,0.6113922699914708,0.6072795391082764,0.6099801659584045,0.6150591373443604,0.6101871132850647,605.0,0.6113922699914708,0.5956,1015.808,3.358,,,,,,,,DeepHit [discretised]
enc__metabric_discretised__deephit_paper__s3,12_final_support_and_encoding,metabric_encoding,3.0,discretised,encoding,deephit_paper,3.2113637924194336,0.6490756647287942,0.6315177449687773,0.6152833288376063,0.13371838526821656,0.2099005309667691,0.24058470768456863,0.6319589128450592,0.20486275851726532,0.6319589128450592,0.1947345413065181,74.73317404462723,86.46934410495294,74.73317404462723,86.46934410495294,345.0,0.20486275851726532,0.6089021269579954,0.6015477776527405,0.6149876713752747,0.6071555018424988,0.6091264486312866,578.0,0.6089021269579954,0.5825,992.217,3.433,,,,,,,,DeepHit [discretised]
enc__metabric_discretised__deephit_paper__s4,12_final_support_and_encoding,metabric_encoding,4.0,discretised,encoding,deephit_paper,3.0843241214752197,0.6853119437893347,0.6425378927135011,0.6237327907912869,0.11764700197332267,0.20435200025074424,0.25186902473655043,0.6505275424313742,0.19575883448123932,0.6505275424313742,0.19128934232020578,71.4701711056938,85.23168953584647,71.4701711056938,85.23168953584647,326.0,0.19575883448123932,0.6289161604409125,0.6149677038192749,0.6234033107757568,0.6329482793807983,0.6318716406822205,562.0,0.6289161604409125,0.5822,965.311,3.435,,,,,,,,DeepHit [discretised]
enc__metabric_discretised__ours_nllpch__s0,12_final_support_and_encoding,metabric_encoding,0.0,discretised,encoding,ours,0.6750504970550537,0.6406895359934607,0.6389949795115943,0.6023103032138372,0.12085606169451504,0.19648661635293002,0.23193529762490392,0.6273316062396308,0.194985494017601,0.6273316062396308,0.1830926585574497,70.02358495506851,83.34567981954534,70.02358495506851,83.34567981954534,329.0,0.194985494017601,0.605452679452442,0.5932035446166992,0.603192925453186,0.6162854433059692,0.6015373468399048,578.0,0.605452679452442,0.575,1005.25,3.478,nllpch,,,,,,nllpch,L_PCH [discretised]
enc__metabric_discretised__ours_nllpch__s1,12_final_support_and_encoding,metabric_encoding,1.0,discretised,encoding,ours,0.7102645635604858,0.6926674063035605,0.6630577323048685,0.6306573776912907,0.1224291546914522,0.2022083873393789,0.24203358331444363,0.66212750543324,0.19661761820316315,0.66212750543324,0.18889037511509157,72.86169822918879,86.35626253841457,72.86169822918879,86.35626253841457,337.0,0.19661761820316315,0.5857091901135076,0.587487518787384,0.5947229862213135,0.6061021685600281,0.565345048904419,561.0,0.5857091901135076,0.5453,1028.698,3.667,nllpch,,,,,,nllpch,L_PCH [discretised]
enc__metabric_discretised__ours_nllpch__s2,12_final_support_and_encoding,metabric_encoding,2.0,discretised,encoding,ours,0.6864771246910095,0.6946959928439699,0.6491811298464502,0.6421502541707428,0.10930938564851242,0.1975628740085976,0.2252997497339817,0.6620091256203876,0.18583787977695465,0.6620091256203876,0.17739066979703058,60.39459565299318,81.31887267279522,60.39459565299318,81.31887267279522,340.0,0.18583787977695465,0.6065267294044314,0.6162865161895752,0.6204932332038879,0.6253541707992554,0.5830838084220886,605.0,0.6065267294044314,0.5823,1038.952,3.435,nllpch,,,,,,nllpch,L_PCH [discretised]
enc__metabric_discretised__ours_nllpch__s3,12_final_support_and_encoding,metabric_encoding,3.0,discretised,encoding,ours,0.7316942811012268,0.6415197179516955,0.6303727263474017,0.6312341886844747,0.13992327250191716,0.21691283819134133,0.24589476071714006,0.6343755443278574,0.2110939770936966,0.6343755443278574,0.20091029047013284,83.1748107219828,91.48565307237084,83.1748107219828,91.48565307237084,345.0,0.2110939770936966,0.5834518356719701,0.5741882920265198,0.5785341858863831,0.5979976058006287,0.5775214433670044,578.0,0.5834518356719701,0.6264,922.692,3.193,nllpch,,,,,,nllpch,L_PCH [discretised]
enc__metabric_discretised__ours_nllpch__s4,12_final_support_and_encoding,metabric_encoding,4.0,discretised,encoding,ours,0.6771397590637207,0.7009984718631709,0.6632713395654409,0.649049154320164,0.11201451855215225,0.19509841464635783,0.23150372873844702,0.6711063219162586,0.1845056116580963,0.6711063219162586,0.17953888731231904,60.73747036608091,79.67165815034517,60.73747036608091,79.67165815034517,326.0,0.1845056116580963,0.6415539611057908,0.6330804824829102,0.643753707408905,0.655211329460144,0.6319796442985535,562.0,0.6415539611057908,0.5593,1004.783,3.576,nllpch,,,,,,nllpch,L_PCH [discretised]
enc__metabric_quantile__deephit_paper__s0,12_final_support_and_encoding,metabric_encoding,0.0,quantile,encoding,deephit_paper,2.9836089611053467,0.6905629799470225,0.661288315532861,0.6350670302845833,0.11520524626876415,0.1999464552515921,0.2316344414536205,0.6623061085881556,0.19550250470638275,0.6623061085881556,0.18226204765799225,80.18222042327908,86.95693510630608,80.18222042327908,86.95693510630608,329.0,0.19550250470638275,0.6260208820103144,0.5982499718666077,0.6172274947166443,0.6322807669639587,0.6325678825378418,578.0,0.6260208820103144,0.6177,935.751,3.238,,,,,,,,DeepHit [quantile]
enc__metabric_quantile__deephit_paper__s1,12_final_support_and_encoding,metabric_encoding,1.0,quantile,encoding,deephit_paper,3.0487022399902344,0.720616993974497,0.6906745282771279,0.660323359269129,0.12255313495597124,0.20221302245648465,0.2424518939914629,0.6905382938402513,0.19665469229221344,0.6905382938402513,0.18907268380130626,78.60315237678796,87.90028474855932,78.60315237678796,87.90028474855932,337.0,0.19665469229221344,0.6266542631955374,0.6123635768890381,0.6179707646369934,0.6377331614494324,0.6259908676147461,561.0,0.6266542631955374,0.5884,953.372,3.399,,,,,,,,DeepHit [quantile]
enc__metabric_quantile__deephit_paper__s2,12_final_support_and_encoding,metabric_encoding,2.0,quantile,encoding,deephit_paper,2.901165008544922,0.6057441498097224,0.6061573955253392,0.6340495282808344,0.11834717965310207,0.20832005356193994,0.24303897954749423,0.615317024538632,0.1982676237821579,0.615317024538632,0.1899020709208454,70.68541281735818,86.45827054730532,70.68541281735818,86.45827054730532,340.0,0.1982676237821579,0.6466814075924747,0.6450099349021912,0.6454741954803467,0.647712230682373,0.6468492746353149,605.0,0.6466814075924747,0.6585,918.735,3.037,,,,,,,,DeepHit [quantile]
enc__metabric_quantile__deephit_paper__s3,12_final_support_and_encoding,metabric_encoding,3.0,quantile,encoding,deephit_paper,3.216712474822998,0.6673722541223798,0.6546133691202082,0.6462462003642214,0.13722773297347368,0.2122879761081784,0.24010563770892343,0.656077274535603,0.20664191246032715,0.656077274535603,0.19654044893019185,75.2046810690259,87.72545683815315,75.2046810690259,87.72545683815315,345.0,0.20664191246032715,0.6308358475260418,0.6251443028450012,0.6295071840286255,0.6342722177505493,0.6304850578308105,578.0,0.6308358475260418,0.5835,990.65,3.428,,,,,,,,DeepHit [quantile]
enc__metabric_quantile__deephit_paper__s4,12_final_support_and_encoding,metabric_encoding,4.0,quantile,encoding,deephit_paper,2.9764695167541504,0.6864093996552184,0.6413971837209222,0.6251095861031775,0.12158413429092275,0.21041128527291525,0.25956972795815025,0.650972056493106,0.20153895020484924,0.650972056493106,0.19718838250732942,67.71586524159639,85.17022174340406,67.71586524159639,85.17022174340406,326.0,0.20153895020484924,0.6405407730855195,0.6281515955924988,0.6376291513442993,0.641389012336731,0.6442899107933044,562.0,0.6405407730855195,0.5648,995.044,3.541,,,,,,,,DeepHit [quantile]
enc__metabric_quantile__ours_nllpch__s0,12_final_support_and_encoding,metabric_encoding,0.0,quantile,encoding,ours,0.6507592797279358,0.6909520277698071,0.6640558962322205,0.6359390197959905,0.11438583005570245,0.19343033633858256,0.22089979246198527,0.663648981266006,0.18815678358078003,0.663648981266006,0.17623865295209007,74.5309306217697,82.39851303475645,74.5309306217697,82.39851303475645,329.0,0.18815678358078003,0.6189959372356262,0.6034718751907349,0.6146488189697266,0.6289226412773132,0.6176021099090576,578.0,0.6189959372356262,0.5844,989.114,3.423,nllpch,,,,,,nllpch,L_PCH [quantile]
enc__metabric_quantile__ours_nllpch__s1,12_final_support_and_encoding,metabric_encoding,1.0,quantile,encoding,ours,0.683779776096344,0.7025100895534284,0.6947087570993945,0.6582889718640338,0.1176151822751953,0.19152778006504395,0.23724481883909843,0.6851692728389523,0.18893496692180634,0.6851692728389523,0.18212926039311253,78.36713395061997,82.13198647880033,78.36713395061997,82.13198647880033,337.0,0.18893496692180634,0.619807699748448,0.5788153409957886,0.6080111265182495,0.6241731643676758,0.6323137879371643,561.0,0.619807699748448,0.5734,978.356,3.488,nllpch,,,,,,nllpch,L_PCH [quantile]
enc__metabric_quantile__ours_nllpch__s2,12_final_support_and_encoding,metabric_encoding,2.0,quantile,encoding,ours,0.7075194120407104,0.6804663326392805,0.6477470035128554,0.6481862073820247,0.11127638791309777,0.1953827103319511,0.23937616904104048,0.6587998478447202,0.1893482655286789,0.6587998478447202,0.18201175576202977,76.05398755264898,88.1514413006227,76.05398755264898,88.1514413006227,340.0,0.1893482655286789,0.6334776426549483,0.6284732818603516,0.632623016834259,0.6345809102058411,0.634185254573822,605.0,0.6334776426549483,0.5769,1048.684,3.467,nllpch,,,,,,nllpch,L_PCH [quantile]
enc__metabric_quantile__ours_nllpch__s3,12_final_support_and_encoding,metabric_encoding,3.0,quantile,encoding,ours,0.6549639105796814,0.6861830944501769,0.6705981337359206,0.6389283535715097,0.12957989916925045,0.19402942096837328,0.22146604301763656,0.6652365272525357,0.19027429819107056,0.6652365272525357,0.1816917877184201,67.82105069950654,80.57843658115252,67.82105069950654,80.57843658115252,345.0,0.19027429819107056,0.6127408215423923,0.5947740077972412,0.6088929176330566,0.6205424666404724,0.613760232925415,578.0,0.6127408215423923,0.5687,1016.271,3.517,nllpch,,,,,,nllpch,L_PCH [quantile]
enc__metabric_quantile__ours_nllpch__s4,12_final_support_and_encoding,metabric_encoding,4.0,quantile,encoding,ours,0.6648876667022705,0.7072808215878797,0.6680740274583308,0.6426922063549831,0.113637532794836,0.19011650198468397,0.23002409984396668,0.6726823518003978,0.18243157863616943,0.6726823518003978,0.17792604487449556,66.13320867793679,79.41601945500294,66.13320867793679,79.41601945500294,326.0,0.18243157863616943,0.6355749462895534,0.6255603432655334,0.6336321234703064,0.645724892616272,0.631115734577179,562.0,0.6355749462895534,0.5674,990.414,3.525,nllpch,,,,,,nllpch,L_PCH [quantile]
enc__support_continuous__deephit_paper__s0,12_final_support_and_encoding,support_encoding,0.0,continuous,encoding,deephit_paper,3.857707977294922,0.6323265735274277,0.5863125214158887,0.5858619108151444,0.1409138166392136,0.2346576576532586,0.2710069245612335,0.6015003352528202,0.24100646376609802,0.6015003352528202,0.21552613295123524,538.7936116309529,798.029588655389,538.7936116309529,798.029588655389,1844.0,0.24100646376609802,0.5879042261071288,0.5668893456459045,0.591449499130249,0.5909323692321777,0.5890607833862305,2706.0,0.5879042261071288,3.0896,875.838,1.942,,,,,,,,DeepHit [continuous]
enc__support_continuous__deephit_paper__s1,12_final_support_and_encoding,support_encoding,1.0,continuous,encoding,deephit_paper,3.9500198364257812,0.6405018772166738,0.593450230856484,0.5873123895197977,0.14388223216090576,0.23433010710091143,0.2691488103685917,0.6070881658643185,0.24037735164165497,0.6070881658643185,0.21578704987680294,539.0132256331246,803.307988220039,539.0132256331246,803.307988220039,1819.0,0.24037735164165497,0.5840334463836164,0.5513079166412354,0.5833736062049866,0.589138925075531,0.5889742970466614,2682.0,0.5840334463836164,3.1677,846.676,1.894,,,,,,,,DeepHit [continuous]
enc__support_continuous__deephit_paper__s2,12_final_support_and_encoding,support_encoding,2.0,continuous,encoding,deephit_paper,4.023342609405518,0.6317988246466955,0.5997188001493268,0.5964069146329781,0.14930193285418752,0.23574714436234828,0.2691764188693379,0.6093081798096668,0.24158348143100739,0.6093081798096668,0.21807516536195792,529.4224234360797,794.00019191234,529.4224234360797,794.00019191234,1824.0,0.24158348143100739,0.5936985316136032,0.5545241236686707,0.5951806306838989,0.5998039841651917,0.5989806056022644,2675.0,0.5936985316136032,3.1433,851.023,1.909,,,,,,,,DeepHit [continuous]
enc__support_continuous__deephit_paper__s3,12_final_support_and_encoding,support_encoding,3.0,continuous,encoding,deephit_paper,3.9457709789276123,0.632872399077432,0.5911086686710055,0.585724218970611,0.14456105804821828,0.2340387834310984,0.268368448321011,0.6032350955730162,0.23994717001914978,0.6032350955730162,0.21565609660010923,547.4628539530224,803.9354919747545,547.4628539530224,803.9354919747545,1796.0,0.23994717001914978,0.5840458329395286,0.5532885193824768,0.5843042135238647,0.5884446501731873,0.5885860323905945,2635.0,0.5840458329395286,3.1079,847.84,1.931,,,,,,,,DeepHit [continuous]
enc__support_continuous__deephit_paper__s4,12_final_support_and_encoding,support_encoding,4.0,continuous,encoding,deephit_paper,4.067349433898926,0.6471569750475834,0.6067782614487666,0.5820497015516797,0.15054854143175994,0.23549314647599742,0.2705355447831678,0.6119949793493432,0.24212881922721863,0.6119949793493432,0.21885907756364173,536.8032774867281,795.1321824627903,536.8032774867281,795.1321824627903,1834.0,0.24212881922721863,0.5832811416335549,0.5552644729614258,0.588441789150238,0.5860264897346497,0.5862757563591003,2666.0,0.5832811416335549,2.9177,913.735,2.056,,,,,,,,DeepHit [continuous]
enc__support_continuous__ours_nllpch__s0,12_final_support_and_encoding,support_encoding,0.0,continuous,encoding,ours,0.9141471982002258,0.6522203147752702,0.6030939253290692,0.5950409522296214,0.13321070898747736,0.21694735712449234,0.23654944275449033,0.6167850641113203,0.21729867160320282,0.6167850641113203,0.19556916962215334,665.7555427471441,829.9305019097144,665.7555427471441,829.9305019097144,1844.0,0.21729867160320282,0.5769814085949997,0.5485421419143677,0.5750144124031067,0.5891234278678894,0.5758606195449829,2706.0,0.5769814085949997,3.2459,833.675,1.849,nllpch,,,,,,nllpch,L_PCH [continuous]
enc__support_continuous__ours_nllpch__s1,12_final_support_and_encoding,support_encoding,1.0,continuous,encoding,ours,0.9288809895515442,0.6493110689005298,0.5985170296761888,0.5899229246191063,0.13847398084802842,0.21959869422994696,0.23867680082746343,0.6125836743986083,0.21986953914165497,0.6125836743986083,0.1989164919684796,647.0369946440306,833.2849019921572,647.0369946440306,833.2849019921572,1819.0,0.21986953914165497,0.5660784871353353,0.5311161875724792,0.5565336346626282,0.5779887437820435,0.5709519386291504,2682.0,0.5660784871353353,2.9591,906.346,2.028,nllpch,,,,,,nllpch,L_PCH [continuous]
enc__support_continuous__ours_nllpch__s2,12_final_support_and_encoding,support_encoding,2.0,continuous,encoding,ours,0.9191278219223022,0.6352319492366216,0.6026912765018738,0.5990349361695412,0.1462664870937124,0.22199518816729638,0.23295148920398875,0.6123193873026788,0.21943196654319763,0.6123193873026788,0.20040438815499917,582.0584977828692,785.5460613576646,582.0584977828692,785.5460613576646,1824.0,0.21943196654319763,0.5795430688094929,0.5448252558708191,0.5704336762428284,0.5955517292022705,0.5816118121147156,2675.0,0.5795430688094929,3.8444,695.816,1.561,nllpch,,,,,,nllpch,L_PCH [continuous]
enc__support_continuous__ours_nllpch__s3,12_final_support_and_encoding,support_encoding,3.0,continuous,encoding,ours,0.9220842123031616,0.6479170680804062,0.6153001885717562,0.6004783036427289,0.1384308035504893,0.21493540116534168,0.23507090718835458,0.6212318534316305,0.21614950895309448,0.6212318534316305,0.19614570396806186,560.7186535881855,784.4567985551234,560.7186535881855,784.4567985551234,1796.0,0.21614950895309448,0.5731069533100679,0.543581485748291,0.5655544400215149,0.587928831577301,0.5733779668807983,2635.0,0.5731069533100679,3.1298,841.902,1.917,nllpch,,,,,,nllpch,L_PCH [continuous]
enc__support_continuous__ours_nllpch__s4,12_final_support_and_encoding,support_encoding,4.0,continuous,encoding,ours,0.9225032925605774,0.6608413873003567,0.6237758302510735,0.598830921710085,0.14354008053081227,0.21645608559032684,0.23615165233109342,0.627816046420505,0.2177693247795105,0.627816046420505,0.1987159394840775,596.8741157373908,791.4340173646241,596.8741157373908,791.4340173646241,1834.0,0.2177693247795105,0.5786576964587211,0.556609570980072,0.5784432888031006,0.5932116508483887,0.5739231705665588,2666.0,0.5786576964587211,4.3146,617.905,1.391,nllpch,,,,,,nllpch,L_PCH [continuous]
enc__support_discretised__deephit_paper__s0,12_final_support_and_encoding,support_encoding,0.0,discretised,encoding,deephit_paper,3.8586437702178955,0.6420294305107771,0.5972260336117584,0.5986230083637887,0.1396236068694792,0.23259875482419942,0.2675844849450531,0.6126261574954414,0.23845964670181274,0.6126261574954414,0.21326894887957723,538.1113640702514,794.6186388884762,538.1113640702514,794.6186388884762,1844.0,0.23845964670181274,0.6011308587618346,0.5816683173179626,0.602039098739624,0.6029561161994934,0.6041074395179749,2706.0,0.6011308587618346,2.8779,940.283,2.085,,,,,,,,DeepHit [discretised]
enc__support_discretised__deephit_paper__s1,12_final_support_and_encoding,support_encoding,1.0,discretised,encoding,deephit_paper,3.927971363067627,0.6315665484440619,0.60287501962058,0.5927797642357058,0.14307203880549813,0.23160965562133745,0.26561409188556157,0.6090737774334493,0.23749865591526031,0.6090737774334493,0.21343192877079906,548.4735804109077,805.632908735978,548.4735804109077,805.632908735978,1819.0,0.23749865591526031,0.5991970717296754,0.5859148502349854,0.6014997959136963,0.5991536974906921,0.6015006899833679,2682.0,0.5991970717296754,2.8767,932.304,2.086,,,,,,,,DeepHit [discretised]
enc__support_discretised__deephit_paper__s2,12_final_support_and_encoding,support_encoding,2.0,discretised,encoding,deephit_paper,4.017784595489502,0.6146981945257469,0.5984740059827692,0.6033502503043697,0.15096765335350895,0.2355787251925397,0.2660926846413689,0.6055074836042953,0.2403903305530548,0.6055074836042953,0.21754635439580586,527.8924647344505,789.4388438495805,527.8924647344505,789.4388438495805,1824.0,0.2403903305530548,0.6078540931134666,0.5912900567054749,0.6083737015724182,0.6104059219360352,0.6101655960083008,2675.0,0.6078540931134666,2.8945,924.173,2.073,,,,,,,,DeepHit [discretised]
enc__support_discretised__deephit_paper__s3,12_final_support_and_encoding,support_encoding,3.0,discretised,encoding,deephit_paper,3.926290512084961,0.653043081789202,0.6238502210333691,0.6126660892509588,0.1438911124051251,0.23288068582071167,0.2675230081193856,0.6298531306911767,0.23896950483322144,0.6298531306911767,0.21476493544840744,529.8268427303173,791.5295539461403,529.8268427303173,791.5295539461403,1796.0,0.23896950483322144,0.6104440922483373,0.579487144947052,0.6114962100982666,0.6146133542060852,0.6148129105567932,2635.0,0.6104440922483373,2.7291,965.521,2.199,,,,,,,,DeepHit [discretised]
enc__support_discretised__deephit_paper__s4,12_final_support_and_encoding,support_encoding,4.0,discretised,encoding,deephit_paper,4.081743240356445,0.6415972334133285,0.6117750975613578,0.5951290377839681,0.15055898575716326,0.23417141827175747,0.26863959551489613,0.6161671229195514,0.2406945824623108,0.6161671229195514,0.21778999984793898,531.4151635540806,790.1844065928461,531.4151635540806,790.1844065928461,1834.0,0.2406945824623108,0.5977083395148974,0.5784669518470764,0.5986946821212769,0.5998539328575134,0.6008825302124023,2666.0,0.5977083395148974,2.8706,928.719,2.09,,,,,,,,DeepHit [discretised]
enc__support_discretised__ours_nllpch__s0,12_final_support_and_encoding,support_encoding,0.0,discretised,encoding,ours,0.9093658924102783,0.6460076204831888,0.6045928521241842,0.6044754936657663,0.13411310564058657,0.2152515173261355,0.2319623763068767,0.6183586554243798,0.21465395390987396,0.6183586554243798,0.19377566642453292,591.0013908965759,784.976463960486,591.0013908965759,784.976463960486,1844.0,0.21465395390987396,0.589732576245237,0.570374071598053,0.5887491106987,0.6022482514381409,0.5856108665466309,2706.0,0.589732576245237,3.835,705.598,1.565,nllpch,,,,,,nllpch,L_PCH [discretised]
enc__support_discretised__ours_nllpch__s1,12_final_support_and_encoding,support_encoding,1.0,discretised,encoding,ours,0.9284476637840271,0.6380051048421802,0.6071737776255297,0.6001200414289322,0.1388500960496473,0.2178813892709715,0.23739645469164772,0.6150996412988806,0.2184886783361435,0.6150996412988806,0.19804264667075552,668.5998306745247,822.363069673679,668.5998306745247,822.363069673679,1819.0,0.2184886783361435,0.591124039866311,0.57227623462677,0.5907689332962036,0.5998951196670532,0.5895399451255798,2682.0,0.591124039866311,2.7304,982.274,2.197,nllpch,,,,,,nllpch,L_PCH [discretised]
enc__support_discretised__ours_nllpch__s2,12_final_support_and_encoding,support_encoding,2.0,discretised,encoding,ours,0.9102224111557007,0.6355140269556652,0.6117735468512889,0.613593478102084,0.14609582425014278,0.21936529549326703,0.2266626310852652,0.6202936839696793,0.21555538475513458,0.6202936839696793,0.1973745836095583,568.4999890776143,769.4656172495241,568.4999890776143,769.4656172495241,1824.0,0.21555538475513458,0.599134459319128,0.5722076296806335,0.597202718257904,0.6128109693527222,0.5971195101737976,2675.0,0.599134459319128,3.5329,757.175,1.698,nllpch,,,,,,nllpch,L_PCH [discretised]
enc__support_discretised__ours_nllpch__s3,12_final_support_and_encoding,support_encoding,3.0,discretised,encoding,ours,0.91744065284729,0.6524640921499688,0.6247747442970085,0.6114259232831625,0.1388293454069881,0.2133861271764916,0.23228660051236402,0.6295549199100466,0.21427509188652039,0.6295549199100466,0.19483402436528127,582.280212191016,774.4100557274991,582.280212191016,774.4100557274991,1796.0,0.21427509188652039,0.5962262107369113,0.5722194314002991,0.5931276679039001,0.6065093874931335,0.5962599515914917,2635.0,0.5962262107369113,3.3439,788.011,1.794,nllpch,,,,,,nllpch,L_PCH [discretised]
enc__support_discretised__ours_nllpch__s4,12_final_support_and_encoding,support_encoding,4.0,discretised,encoding,ours,0.9382625222206116,0.6525407561945495,0.6153942223301884,0.5944351311022997,0.14736358526586862,0.22257581009395286,0.2419425181105143,0.6207900365423459,0.22357121109962463,0.6207900365423459,0.20396063782344523,593.5967581344742,786.0810723559501,593.5967581344742,786.0810723559501,1834.0,0.22357121109962463,0.5825985827395769,0.5591772794723511,0.5849591493606567,0.5969176292419434,0.5770962238311768,2666.0,0.5825985827395769,3.4422,774.507,1.743,nllpch,,,,,,nllpch,L_PCH [discretised]
enc__support_quantile__deephit_paper__s0,12_final_support_and_encoding,support_encoding,0.0,quantile,encoding,deephit_paper,3.8548378944396973,0.633885097256533,0.5882547231151175,0.5869252603752871,0.13983760945595347,0.23463876931041533,0.27185614198831887,0.6030216935823125,0.24124644696712494,0.6030216935823125,0.2154441735848959,536.8904890211282,797.0456865012552,536.8904890211282,797.0456865012552,1844.0,0.24124644696712494,0.5889997852084994,0.5642804503440857,0.5895744562149048,0.5919964909553528,0.5925579071044922,2706.0,0.5889997852084994,3.0611,884.0,1.96,,,,,,,,DeepHit [quantile]
enc__support_quantile__deephit_paper__s1,12_final_support_and_encoding,support_encoding,1.0,quantile,encoding,deephit_paper,3.9307661056518555,0.6333366413403179,0.596669239965369,0.5837665926167201,0.1438948347554106,0.2338068441429793,0.2720164970639772,0.6045908246408024,0.24130013585090637,0.6045908246408024,0.21657272532078906,534.0679010725864,802.8827106235278,534.0679010725864,802.8827106235278,1819.0,0.24130013585090637,0.5834449672979406,0.5484622716903687,0.5854953527450562,0.5876238346099854,0.5882970094680786,2682.0,0.5834449672979406,2.9385,912.708,2.042,,,,,,,,DeepHit [quantile]
enc__support_quantile__deephit_paper__s2,12_final_support_and_encoding,support_encoding,2.0,quantile,encoding,deephit_paper,4.0158162117004395,0.6427379577573141,0.6027278809651943,0.5952074210042786,0.1482093937877666,0.234445019480131,0.26607946768782276,0.6135577532422624,0.23956553637981415,0.6135577532422624,0.21624462698524013,547.8103809195669,803.2009706598716,547.8103809195669,803.2009706598716,1824.0,0.23956553637981415,0.6006749230550166,0.5758727192878723,0.604712963104248,0.602021336555481,0.6043170690536499,2675.0,0.6006749230550166,2.8919,924.986,2.075,,,,,,,,DeepHit [quantile]
enc__support_quantile__deephit_paper__s3,12_final_support_and_encoding,support_encoding,3.0,quantile,encoding,deephit_paper,3.944718360900879,0.638740988460269,0.6043892645804808,0.5927217154863804,0.14442662828606848,0.23075828137796942,0.26455330591289583,0.6119506561757101,0.23672834038734436,0.6119506561757101,0.21324607185897793,567.2258019351747,813.8832655585337,567.2258019351747,813.8832655585337,1796.0,0.23672834038734436,0.5850307508477086,0.5497747659683228,0.5849847197532654,0.5901076793670654,0.5903795957565308,2635.0,0.5850307508477086,2.8471,925.498,2.107,,,,,,,,DeepHit [quantile]
enc__support_quantile__deephit_paper__s4,12_final_support_and_encoding,support_encoding,4.0,quantile,encoding,deephit_paper,4.072978496551514,0.6392792588753338,0.6081155671096762,0.5918176729207681,0.1509760383659185,0.23547274843641408,0.26670446051368574,0.6130708329685928,0.240586057305336,0.6130708329685928,0.21771774910533945,553.1820497559007,803.0331750449693,553.1820497559007,803.0331750449693,1834.0,0.240586057305336,0.5870947202840928,0.5560428500175476,0.5861757397651672,0.5918662548065186,0.5925248265266418,2666.0,0.5870947202840928,2.9003,919.222,2.069,,,,,,,,DeepHit [quantile]
enc__support_quantile__ours_nllpch__s0,12_final_support_and_encoding,support_encoding,0.0,quantile,encoding,ours,0.9105080962181091,0.6550810199723652,0.6065209619831817,0.5955635084576827,0.133438198810853,0.2157751032941443,0.2336512554340519,0.6190551634710765,0.21554841101169586,0.6190551634710765,0.19428818584634974,557.8598929328355,777.6362641570831,557.8598929328355,777.6362641570831,1844.0,0.21554841101169586,0.576843092490396,0.5546114444732666,0.5779998302459717,0.5897545218467712,0.5720762014389038,2706.0,0.576843092490396,3.4287,789.214,1.75,nllpch,,,,,,nllpch,L_PCH [quantile]
enc__support_quantile__ours_nllpch__s1,12_final_support_and_encoding,support_encoding,1.0,quantile,encoding,ours,0.9259259700775146,0.6568686282220606,0.601050675885789,0.5908605652926558,0.13816152640462642,0.2203241441796557,0.23819771967897801,0.6162599564668351,0.2200009971857071,0.6162599564668351,0.19889446342108674,634.400372429649,822.367426413542,634.400372429649,822.367426413542,1819.0,0.2200009971857071,0.5702308858824929,0.5439989566802979,0.5631222128868103,0.5814936757087708,0.5720980763435364,2682.0,0.5702308858824929,3.9009,687.529,1.538,nllpch,,,,,,nllpch,L_PCH [quantile]
enc__support_quantile__ours_nllpch__s2,12_final_support_and_encoding,support_encoding,2.0,quantile,encoding,ours,0.9177500605583191,0.6281304879148709,0.6004273752902903,0.6004669509774883,0.1450718298790911,0.22096692001681306,0.2326291509901179,0.6096749380608831,0.21868793666362762,0.6096749380608831,0.19955596696200736,599.63751943774,799.499308247667,599.63751943774,799.499308247667,1824.0,0.21868793666362762,0.577158753360105,0.5327074527740479,0.5614206194877625,0.5919296741485596,0.5862583518028259,2675.0,0.577158753360105,2.8929,924.676,2.074,nllpch,,,,,,nllpch,L_PCH [quantile]
enc__support_quantile__ours_nllpch__s3,12_final_support_and_encoding,support_encoding,3.0,quantile,encoding,ours,0.9233720898628235,0.6492181255234276,0.6170727940694157,0.6040974628121005,0.13919446153117906,0.21648178856194744,0.23406122724052544,0.6234627941349813,0.2165764421224594,0.6234627941349813,0.19657915911121734,581.3667011526148,789.4466478344427,581.3667011526148,789.4466478344427,1796.0,0.2165764421224594,0.5778678321785514,0.5484825968742371,0.5720208883285522,0.5921668410301208,0.5776451826095581,2635.0,0.5778678321785514,2.9409,895.97,2.04,nllpch,,,,,,nllpch,L_PCH [quantile]
enc__support_quantile__ours_nllpch__s4,12_final_support_and_encoding,support_encoding,4.0,quantile,encoding,ours,0.9253427982330322,0.6537707374225273,0.6245075404350688,0.5988405413175089,0.1460327614655431,0.21874355257407682,0.23641072428720938,0.6257062730583683,0.21924884617328644,0.6257062730583683,0.20039567944227643,636.2759952021624,813.1442500810277,636.2759952021624,813.1442500810277,1834.0,0.21924884617328644,0.5759930544301256,0.5508195161819458,0.5726734399795532,0.5927008986473083,0.5720970034599304,2666.0,0.5759930544301256,2.9366,907.856,2.043,nllpch,,,,,,nllpch,L_PCH [quantile]
support__coxph__s0,12_final_support_and_encoding,support,0.0,,benchmark,coxph,,0.5428482370072623,0.5492153811694447,0.584966125933523,0.14136960876568716,0.22424643174199244,0.2327720836113453,0.55900991470341,0.19946270803967495,0.55900991470341,0.19946270803967495,607.27111638319,796.7464988361884,607.27111638319,796.7464988361884,,,,,,,,,,,,,,,,,,,,Cox PH (cause-specific)
support__coxph__s1,12_final_support_and_encoding,support,1.0,,benchmark,coxph,,0.5382139730215026,0.5600587185959661,0.5803304067135365,0.14691295411908256,0.22433582051081363,0.23672576230928183,0.5595343661103351,0.20265817897972602,0.5595343661103351,0.20265817897972602,611.8953170163577,807.4295685065349,611.8953170163577,807.4295685065349,,,,,,,,,,,,,,,,,,,,Cox PH (cause-specific)
support__coxph__s2,12_final_support_and_encoding,support,2.0,,benchmark,coxph,,0.5389567899378722,0.5626935067075861,0.5905502071402171,0.15270261123159706,0.22550005904358958,0.23065287447075683,0.5640668345952251,0.2029518482486478,0.5640668345952251,0.2029518482486478,595.9357586334987,791.198673773229,595.9357586334987,791.198673773229,,,,,,,,,,,,,,,,,,,,Cox PH (cause-specific)
support__coxph__s3,12_final_support_and_encoding,support,3.0,,benchmark,coxph,,0.5495851687082332,0.5661460240592976,0.588244403217334,0.146425970366205,0.22353568863201717,0.2339589858849796,0.5679918653282882,0.2013068816277339,0.5679918653282882,0.2013068816277339,607.6037392316375,799.9629020253284,607.6037392316375,799.9629020253284,,,,,,,,,,,,,,,,,,,,Cox PH (cause-specific)
support__coxph__s4,12_final_support_and_encoding,support,4.0,,benchmark,coxph,,0.5479496683319033,0.5565503244209009,0.5753938581766478,0.15429608952312454,0.22854094349421678,0.23802794507948952,0.5599646169764839,0.2069549926989436,0.5599646169764839,0.2069549926989436,605.1925918882716,796.8884793743874,605.1925918882716,796.8884793743874,,,,,,,,,,,,,,,,,,,,Cox PH (cause-specific)
support__deephit_paper__s0,12_final_support_and_encoding,support,0.0,,benchmark,deephit_paper,3.856358051300049,0.6467775777284633,0.5997855568032191,0.5919361304115446,0.13968091376897038,0.234372623658665,0.2736233573937152,0.612833088314409,0.24182070791721344,0.612833088314409,0.2158922982737835,530.3781262306888,794.4795703777472,530.3781262306888,794.4795703777472,1844.0,0.24182070791721344,0.5914969531168577,0.5674713253974915,0.5928422808647156,0.5943763852119446,0.5945917963981628,2706.0,0.5914969531168577,3.5281,766.982,1.701,,,,,,,,DeepHit
support__deephit_paper__s1,12_final_support_and_encoding,support,1.0,,benchmark,deephit_paper,3.9382638931274414,0.6405218180064404,0.5944058394794697,0.5865454785005069,0.1441944896195886,0.2333887423284021,0.2684913615057521,0.6071577119954723,0.23966257274150848,0.6071577119954723,0.2153581978179143,547.3084334473424,808.0770277234622,547.3084334473424,808.0770277234622,1819.0,0.23966257274150848,0.5847074074621581,0.5575101375579834,0.5840016603469849,0.5890154838562012,0.5888441801071167,2682.0,0.5847074074621581,3.6109,742.743,1.662,,,,,,,,DeepHit
support__deephit_paper__s2,12_final_support_and_encoding,support,2.0,,benchmark,deephit_paper,4.020917892456055,0.6329518946957009,0.603768320412685,0.6037554647982755,0.14966401762975948,0.2362131433461062,0.2710992081012733,0.6134918933022204,0.2426397204399109,0.6134918933022204,0.218992123025713,529.7111279036229,796.6450672310336,529.7111279036229,796.6450672310336,1824.0,0.2426397204399109,0.5974776516757644,0.5755385160446167,0.5948414206504822,0.6013907194137573,0.6018615961074829,2675.0,0.5974776516757644,3.081,868.226,1.947,,,,,,,,DeepHit
support__deephit_paper__s3,12_final_support_and_encoding,support,3.0,,benchmark,deephit_paper,3.9461066722869873,0.6327937060869266,0.6009891882427498,0.5851681843438867,0.14513442642002417,0.2336217246118059,0.26775306707068475,0.6063170262245211,0.23953549563884735,0.6063170262245211,0.21550307270083824,542.7130147363112,800.7686214309191,542.7130147363112,800.7686214309191,1796.0,0.23953549563884735,0.5854168449431459,0.5590864419937134,0.584732711315155,0.5860697627067566,0.5920984745025635,2635.0,0.5854168449431459,2.9339,898.109,2.045,,,,,,,,DeepHit
support__deephit_paper__s4,12_final_support_and_encoding,support,4.0,,benchmark,deephit_paper,4.074647903442383,0.6326337016598649,0.6059444350844748,0.5882556432871975,0.1510128443284581,0.2336974240414373,0.26433094234594534,0.6089445933438458,0.2387227714061737,0.6089445933438458,0.21634707023861358,564.884774007151,808.3086808707619,564.884774007151,808.3086808707619,1834.0,0.2387227714061737,0.5877300655870009,0.5686407089233398,0.5887287855148315,0.5897765159606934,0.5909304022789001,2666.0,0.5877300655870009,3.3959,785.066,1.767,,,,,,,,DeepHit
support__dsm_paper__s0,12_final_support_and_encoding,support,0.0,,benchmark,dsm_paper,3.266191244125366,0.6383815545227428,0.5954756787198874,0.5726791930894015,0.13598694028436117,0.22748274691816067,0.2608981575300425,0.6021788087773439,0.23276543617248535,0.6021788087773439,0.20812261491085474,808.406667289811,936.8484369785306,808.406667289811,936.8484369785306,1844.0,0.23276543617248535,0.5142472296738889,0.54867023229599,0.548660159111023,0.5489168763160706,0.4628250002861023,2706.0,0.5142472296738889,4.1555,651.179,1.444,,,,,,,,DSM
support__dsm_paper__s1,12_final_support_and_encoding,support,1.0,,benchmark,dsm_paper,3.3657798767089844,0.6426281218929467,0.5974723263442936,0.5895481611336596,0.14361165263823894,0.2236106831576229,0.25112202196768213,0.6098828697902999,0.22745180130004883,0.6098828697902999,0.2061147859211813,767.0769716229549,916.3547490002634,767.0769716229549,916.3547490002634,1819.0,0.22745180130004883,0.5610977710007427,0.5495263934135437,0.561804473400116,0.574869692325592,0.5533023476600647,2682.0,0.5610977710007427,3.099,865.447,1.936,,,,,,,,DSM
support__dsm_paper__s2,12_final_support_and_encoding,support,2.0,,benchmark,dsm_paper,3.1864917278289795,0.6255599552212674,0.6000016968956506,0.5989217036773582,0.14861692755774478,0.2336928569206349,0.24320193123585448,0.6081611185980921,0.22966718673706055,0.6081611185980921,0.20850390523807807,688.8797628806757,858.7575117629976,688.8797628806757,858.7575117629976,1824.0,0.22966718673706055,0.5809098080579479,0.54963219165802,0.5740194916725159,0.5897091031074524,0.5863474607467651,2675.0,0.5809098080579479,3.5153,760.961,1.707,,,,,,,,DSM
support__dsm_paper__s3,12_final_support_and_encoding,support,3.0,,benchmark,dsm_paper,1738752262144.0,0.473379830557299,0.49918497334635586,0.5161582144342793,0.5521352521059703,0.4721106186384673,0.3706173471018853,0.4962410061126447,0.43798744678497314,0.4962410061126447,0.46495440594877424,252.53225523903075,688.807762622382,252.53225523903075,688.807762622382,1796.0,0.43798744678497314,0.5111813788932074,0.5005956888198853,0.5051003098487854,0.5108219981193542,0.5172322988510132,2635.0,0.5111813788932074,3.4891,755.208,1.72,,,,,,,,DSM
support__dsm_paper__s4,12_final_support_and_encoding,support,4.0,,benchmark,dsm_paper,3.405052900314331,0.6211339869423381,0.5922713968905745,0.5824413305692995,0.15087070486818752,0.2295134583650319,0.25044591611883305,0.5986155714674041,0.23082847893238068,0.5986155714674041,0.21027669311735084,716.6591925876766,884.5761819702925,716.6591925876766,884.5761819702925,1834.0,0.23082847893238068,0.5626403845025216,0.5542650818824768,0.5667133331298828,0.5746299624443054,0.5538698434829712,2666.0,0.5626403845025216,3.0722,867.796,1.953,,,,,,,,DSM
support__mensa_paper__s0,12_final_support_and_encoding,support,0.0,,benchmark,mensa_paper,5.047632217407227,0.5631118368714149,0.5302383696581419,0.5218800106894709,0.1719580713172372,0.24011569054530033,0.25780479211959295,0.5384100724063425,0.2411474734544754,0.5384100724063425,0.22329285132737683,502.23832375895427,789.5088253898069,502.23832375895427,789.5088253898069,1844.0,0.2411474734544754,0.5012451763063714,0.5094763040542603,0.5084453821182251,0.509058952331543,0.48981353640556335,2706.0,0.5012451763063714,3.0922,875.095,1.94,,,,,,,,MENSA
support__mensa_paper__s1,12_final_support_and_encoding,support,1.0,,benchmark,mensa_paper,4.738162040710449,0.5761246605428346,0.5326999793675411,0.5098814590889295,0.14443957775980013,0.2278283194525111,0.2531408616684074,0.5395686996664351,0.23051902651786804,0.5395686996664351,0.2084695862935729,516.1033548122961,800.6321337578546,516.1033548122961,800.6321337578546,1819.0,0.23051902651786804,0.5007493397984933,0.4750765860080719,0.47608983516693115,0.4849799573421478,0.5318558812141418,2682.0,0.5007493397984933,3.0357,883.483,1.976,,,,,,,,MENSA
support__mensa_paper__s2,12_final_support_and_encoding,support,2.0,,benchmark,mensa_paper,4.807906150817871,0.5691833186841561,0.542088830063173,0.5199015739866977,0.15934690039016813,0.23116280927554939,0.2545438067757563,0.5437245742446756,0.23417411744594574,0.5437245742446756,0.2150178388138246,501.6608310146666,790.1299806611088,501.6608310146666,790.1299806611088,1824.0,0.23417411744594574,0.5034757308432763,0.5002123117446899,0.5019681453704834,0.5050835609436035,0.5039303302764893,2675.0,0.5034757308432763,3.9556,676.252,1.517,,,,,,,,MENSA
support__mensa_paper__s3,12_final_support_and_encoding,support,3.0,,benchmark,mensa_paper,5.095921039581299,0.5089800625346964,0.4948043342063794,0.4955130093125362,0.20029805780875115,0.25494862318105965,0.2599686098297571,0.49976580201787063,0.25206229090690613,0.49976580201787063,0.23840509693985598,502.4204564017585,785.3466318568547,502.4204564017585,785.3466318568547,1796.0,0.25206229090690613,0.5017278772500032,0.46486467123031616,0.467609167098999,0.4842258095741272,0.5414892435073853,2635.0,0.5017278772500032,3.111,847.001,1.929,,,,,,,,MENSA
support__mensa_paper__s4,12_final_support_and_encoding,support,4.0,,benchmark,mensa_paper,5.512221336364746,0.5665535699508268,0.5588637334263236,0.555418558368633,0.2422032267362036,0.26543305105348036,0.2600931487471675,0.5602786205819278,0.26109346747398376,0.5602786205819278,0.25590980884561715,503.42520372456795,783.5158842104473,503.42520372456795,783.5158842104473,1834.0,0.26109346747398376,0.5260491131608932,0.5447285771369934,0.5496686697006226,0.5508517026901245,0.4902153015136719,2666.0,0.5260491131608932,2.8728,928.002,2.089,,,,,,,,MENSA
support__ours_nllpch__s0,12_final_support_and_encoding,support,0.0,,benchmark,ours,0.9093633890151978,0.6563050426384178,0.6039495719788949,0.597836104410129,0.1328732181225547,0.2161301205475262,0.23332744065444924,0.6193635730091472,0.21554704010486603,0.6193635730091472,0.1941102597748434,582.8782238039065,786.6398877199579,582.8782238039065,786.6398877199579,1844.0,0.21554704010486603,0.5807025548704675,0.5541401505470276,0.5797489285469055,0.5948032140731812,0.5771527290344238,2706.0,0.5807025548704675,3.0711,881.127,1.954,nllpch,,,,,,nllpch,L_PCH
support__ours_nllpch__s1,12_final_support_and_encoding,support,1.0,,benchmark,ours,0.930072009563446,0.6461882484752252,0.5954833671778054,0.5832124989478076,0.1390570895945373,0.21919369979018638,0.2391103210199531,0.608294704866946,0.21989619731903076,0.608294704866946,0.19912037013489226,625.0469057603805,820.2304255030837,625.0469057603805,820.2304255030837,1819.0,0.21989619731903076,0.5680139502962802,0.5433439016342163,0.5641180872917175,0.5791749954223633,0.5679235458374023,2682.0,0.5680139502962802,3.1913,840.415,1.88,nllpch,,,,,,nllpch,L_PCH
support__ours_nllpch__s2,12_final_support_and_encoding,support,2.0,,benchmark,ours,0.9193764328956604,0.6338162551043688,0.6093043212659811,0.6113783789438216,0.14608480385900594,0.22034730025550384,0.2300015647791418,0.6181663184380571,0.21737602353096008,0.6181663184380571,0.19881122296455053,565.5733337374792,777.2441426343377,565.5733337374792,777.2441426343377,1824.0,0.21737602353096008,0.5840685284247986,0.5514996647834778,0.57462477684021,0.603405773639679,0.5832051634788513,2675.0,0.5840685284247986,2.9855,896.008,2.01,nllpch,,,,,,nllpch,L_PCH
support__ours_nllpch__s3,12_final_support_and_encoding,support,3.0,,benchmark,ours,0.9273545145988464,0.6468535203905461,0.6158714303201278,0.601272503271685,0.13839276161110425,0.21406884088436243,0.2343475906310593,0.6213324846607863,0.21541467308998108,0.6213324846607863,0.19560306437550867,601.5936277229557,796.9790537472019,601.5936277229557,796.9790537472019,1796.0,0.21541467308998108,0.5766200435663802,0.5524539947509766,0.5735059380531311,0.5932298302650452,0.5719403028488159,2635.0,0.5766200435663802,2.9577,890.887,2.029,nllpch,,,,,,nllpch,L_PCH
support__ours_nllpch__s4,12_final_support_and_encoding,support,4.0,,benchmark,ours,0.9172342419624329,0.6647578147798099,0.6271965998495439,0.5988475710306262,0.14345075514789127,0.2152013698950768,0.2354045601662349,0.6302673285533267,0.21682137250900269,0.6302673285533267,0.19801889506973433,580.7287221839504,785.6861720229033,580.7287221839504,785.6861720229033,1834.0,0.21682137250900269,0.578349133204471,0.5615944266319275,0.5829189419746399,0.5916258692741394,0.5706620812416077,2666.0,0.578349133204471,3.5786,744.989,1.677,nllpch,,,,,,nllpch,L_PCH
support__ours_nllpch_mmv_lv0.01__s0,12_final_support_and_encoding,support,0.0,,benchmark,ours,2.0300188064575195,0.6249866246097875,0.5868015329944369,0.5918687795224407,0.13513014585402916,0.21843733089165193,0.2355985462744746,0.6012189790422217,0.2178450971841812,0.6012189790422217,0.19638867434005192,522.4547735866288,757.3725832480196,522.4547735866288,757.3725832480196,1844.0,0.2178450971841812,0.5832422796119712,0.5689846873283386,0.5853207111358643,0.5918483734130859,0.5792816281318665,2706.0,0.5832422796119712,3.2419,834.692,1.851,nllpch_mmv,0.01,,,,,nllpch_mmv@0.01,L_PCH + MMV [λv=0.01]
support__ours_nllpch_mmv_lv0.01__s1,12_final_support_and_encoding,support,1.0,,benchmark,ours,2.090547800064087,0.6275830278837164,0.5908617951029007,0.5859368538166221,0.139993316818101,0.22023090880924573,0.24168750596347086,0.6014605589344131,0.2215944528579712,0.6014605589344131,0.20063724386360585,577.1477416202845,787.8429032818439,577.1477416202845,787.8429032818439,1819.0,0.2215944528579712,0.5801373642141641,0.5647153258323669,0.580513060092926,0.5865170955657959,0.5791069865226746,2682.0,0.5801373642141641,3.0899,867.98,1.942,nllpch_mmv,0.01,,,,,nllpch_mmv@0.01,L_PCH + MMV [λv=0.01]
support__ours_nllpch_mmv_lv0.01__s2,12_final_support_and_encoding,support,2.0,,benchmark,ours,2.030890703201294,0.6402562928090519,0.6081334632670574,0.6059373466452167,0.144730617359626,0.22061654434798697,0.2323162034666305,0.618109034240442,0.2183287888765335,0.618109034240442,0.19922112172474782,562.0886864107135,771.9762335365139,562.0886864107135,771.9762335365139,1824.0,0.2183287888765335,0.5886847582728049,0.562313973903656,0.5845740437507629,0.5998925566673279,0.5895187258720398,2675.0,0.5886847582728049,3.1226,856.664,1.921,nllpch_mmv,0.01,,,,,nllpch_mmv@0.01,L_PCH + MMV [λv=0.01]
support__ours_nllpch_mmv_lv0.01__s3,12_final_support_and_encoding,support,3.0,,benchmark,ours,2.035416841506958,0.649323049510768,0.6013778495588887,0.5952591690679265,0.13878741621972546,0.21714447230177003,0.2371723108451839,0.6153200227125277,0.218147411942482,0.6153200227125277,0.19770139978889312,626.6387695655308,811.3672328602014,626.6387695655308,811.3672328602014,1796.0,0.218147411942482,0.5814582326988423,0.5653112530708313,0.5846357345581055,0.5884215831756592,0.5788207054138184,2635.0,0.5814582326988423,3.5018,752.463,1.713,nllpch_mmv,0.01,,,,,nllpch_mmv@0.01,L_PCH + MMV [λv=0.01]
support__ours_nllpch_mmv_lv0.01__s4,12_final_support_and_encoding,support,4.0,,benchmark,ours,2.01241135597229,0.6347639559750345,0.5968607478136853,0.5870446827064988,0.14793907346461924,0.22111372375796484,0.23802700343153052,0.6062231288317396,0.2212849110364914,0.6062231288317396,0.20235993355137152,553.3996907036371,770.45416695258,553.3996907036371,770.45416695258,1834.0,0.2212849110364914,0.5799989334593633,0.5608593821525574,0.5833255648612976,0.5880855917930603,0.57749342918396,2666.0,0.5799989334593633,3.0283,880.36,1.981,nllpch_mmv,0.01,,,,,nllpch_mmv@0.01,L_PCH + MMV [λv=0.01]
support__ours_nllpch_mmv_rank_lv0.01__s0,12_final_support_and_encoding,support,0.0,,benchmark,ours,2.9984915256500244,0.641019879319088,0.5970430869140205,0.5905519161598798,0.13719454243462428,0.22069210109615942,0.24363632030275525,0.609538294130996,0.2224581092596054,0.609538294130996,0.20050765461117967,571.4521556011141,810.135406166567,571.4521556011141,810.135406166567,1844.0,0.2224581092596054,0.581049635561496,0.5641768574714661,0.576508641242981,0.5925363302230835,0.5788421630859375,2706.0,0.581049635561496,3.351,807.522,1.791,nllpch_mmv_rank,0.01,,,,,nllpch_mmv_rank@0.01,L_PCH + L_rank + L_mul + MMV [λv=0.01]
support__ours_nllpch_mmv_rank_lv0.01__s1,12_final_support_and_encoding,support,1.0,,benchmark,ours,3.0574984550476074,0.6461771187320997,0.5976734681386462,0.5927010785429606,0.1409233003752546,0.222218820973313,0.2434467656615066,0.6121838884712355,0.22343340516090393,0.6121838884712355,0.20219629567002473,573.9244486856991,816.4475187436068,573.9244486856991,816.4475187436068,1819.0,0.22343340516090393,0.5771136385271217,0.5498652458190918,0.5651459693908691,0.5892826914787292,0.5810230374336243,2682.0,0.5771136385271217,4.3399,617.993,1.383,nllpch_mmv_rank,0.01,,,,,nllpch_mmv_rank@0.01,L_PCH + L_rank + L_mul + MMV [λv=0.01]
support__ours_nllpch_mmv_rank_lv0.01__s2,12_final_support_and_encoding,support,2.0,,benchmark,ours,3.049955129623413,0.6125538733073126,0.5979339083385452,0.599733600833626,0.14929135189974446,0.22642373833470716,0.24717164489658114,0.6034071274931613,0.22784999012947083,0.6034071274931613,0.20762891171034425,498.448963115145,780.2040684803031,498.448963115145,780.2040684803031,1824.0,0.22784999012947083,0.580968493286013,0.5614308714866638,0.5735622644424438,0.6000993847846985,0.5756527781486511,2675.0,0.580968493286013,3.091,865.423,1.941,nllpch_mmv_rank,0.01,,,,,nllpch_mmv_rank@0.01,L_PCH + L_rank + L_mul + MMV [λv=0.01]
support__ours_nllpch_mmv_rank_lv0.01__s3,12_final_support_and_encoding,support,3.0,,benchmark,ours,3.030916690826416,0.6487640908145726,0.6143640442056408,0.60559078584203,0.1424676042867594,0.22092971049571636,0.2443903786955499,0.6229063069540811,0.22336314618587494,0.6229063069540811,0.20259589782600854,564.1385945910007,808.4127170978586,564.1385945910007,808.4127170978586,1796.0,0.22336314618587494,0.5760725696705398,0.5572507977485657,0.5596164464950562,0.5912011861801147,0.5777773261070251,2635.0,0.5760725696705398,2.8858,913.086,2.079,nllpch_mmv_rank,0.01,,,,,nllpch_mmv_rank@0.01,L_PCH + L_rank + L_mul + MMV [λv=0.01]
support__ours_nllpch_mmv_rank_lv0.01__s4,12_final_support_and_encoding,support,4.0,,benchmark,ours,3.0477609634399414,0.6486369595421543,0.6133945083534463,0.5962882004785385,0.1494040060337415,0.2235842312688942,0.24248273745067306,0.6194398894580463,0.224524587392807,0.6194398894580463,0.20515699158443623,565.2822068779543,802.2582161144046,565.2822068779543,802.2582161144046,1834.0,0.224524587392807,0.5833891809255672,0.5790526270866394,0.58347487449646,0.5914649963378906,0.5784866809844971,2666.0,0.5833891809255672,3.2736,814.393,1.833,nllpch_mmv_rank,0.01,,,,,nllpch_mmv_rank@0.01,L_PCH + L_rank + L_mul + MMV [λv=0.01]
support__ours_nllpch_mmv_rank_lv0.1__s0,12_final_support_and_encoding,support,0.0,,benchmark,ours,2.9880995750427246,0.6293346731985094,0.5961043725744111,0.5938732358761755,0.13812828560096388,0.22060543878792394,0.24305672701207195,0.6064374272163654,0.22225816547870636,0.6064374272163654,0.20059681713365327,560.6932001854829,804.4276657760835,560.6932001854829,804.4276657760835,1844.0,0.22225816547870636,0.583098522196878,0.5731295943260193,0.5798720717430115,0.5913017988204956,0.5810015797615051,2706.0,0.583098522196878,3.291,822.247,1.823,nllpch_mmv_rank,0.1,,,,,nllpch_mmv_rank@0.1,L_PCH + L_rank + L_mul + MMV [λv=0.1]
support__ours_nllpch_mmv_rank_lv0.1__s1,12_final_support_and_encoding,support,1.0,,benchmark,ours,3.042004108428955,0.6433515551961061,0.5949460841271236,0.5905231317637673,0.1413203458607297,0.2227112349621971,0.24359823058638477,0.6096069236956656,0.22375927865505219,0.6096069236956656,0.20254327046977053,569.6948285900105,815.3965849529646,569.6948285900105,815.3965849529646,1819.0,0.22375927865505219,0.574187218701494,0.5483863949775696,0.5597009658813477,0.5838128924369812,0.5809265375137329,2682.0,0.574187218701494,3.2711,819.914,1.834,nllpch_mmv_rank,0.1,,,,,nllpch_mmv_rank@0.1,L_PCH + L_rank + L_mul + MMV [λv=0.1]
support__ours_nllpch_mmv_rank_lv0.1__s2,12_final_support_and_encoding,support,2.0,,benchmark,ours,3.0228796005249023,0.6289975010920563,0.5998795204088064,0.6025029335840965,0.14881191479807584,0.22556459637425705,0.2427386041663721,0.6104599850283198,0.22551566362380981,0.6104599850283198,0.205705038446235,533.5379867373921,794.6973555942885,533.5379867373921,794.6973555942885,1824.0,0.22551566362380981,0.5834582568522704,0.5633102059364319,0.5747343301773071,0.5979009866714478,0.5825425386428833,2675.0,0.5834582568522704,3.1835,840.263,1.885,nllpch_mmv_rank,0.1,,,,,nllpch_mmv_rank@0.1,L_PCH + L_rank + L_mul + MMV [λv=0.1]
support__ours_nllpch_mmv_rank_lv0.1__s3,12_final_support_and_encoding,support,3.0,,benchmark,ours,3.0533969402313232,0.6336950985236242,0.605606897873235,0.5992888070419413,0.14252086294618355,0.22086128827266469,0.24345368385348884,0.6128636011462668,0.2229444980621338,0.6128636011462668,0.20227861169077901,540.5794621944814,798.0006341548502,540.5794621944814,798.0006341548502,1796.0,0.2229444980621338,0.581019004908475,0.5670731067657471,0.5689396262168884,0.5907735228538513,0.583320677280426,2635.0,0.581019004908475,3.4736,758.588,1.727,nllpch_mmv_rank,0.1,,,,,nllpch_mmv_rank@0.1,L_PCH + L_rank + L_mul + MMV [λv=0.1]
support__ours_nllpch_mmv_rank_lv0.1__s4,12_final_support_and_encoding,support,4.0,,benchmark,ours,3.020892381668091,0.6439300165071843,0.6172039071560669,0.5992887780249688,0.14958253796715792,0.22409667891055882,0.2437495791853906,0.6201409005627401,0.22530172765254974,0.6201409005627401,0.20580959868770246,527.8684988358305,787.7681193855286,527.8684988358305,787.7681193855286,1834.0,0.22530172765254974,0.576183173007256,0.5471392869949341,0.5636957883834839,0.5904950499534607,0.5798496007919312,2666.0,0.576183173007256,3.3528,795.159,1.79,nllpch_mmv_rank,0.1,,,,,nllpch_mmv_rank@0.1,L_PCH + L_rank + L_mul + MMV [λv=0.1]
support__ours_nllpch_mmv_rank_lv1__s0,12_final_support_and_encoding,support,0.0,,benchmark,ours,3.0269277095794678,0.6416228186483179,0.5813947164004792,0.5861607465295333,0.136154702259658,0.22057979800178912,0.2436156547471688,0.6030594271927768,0.22229307889938354,0.6030594271927768,0.20011671833620534,473.17591373072713,768.1310423168294,473.17591373072713,768.1310423168294,1844.0,0.22229307889938354,0.5801283906399229,0.5544769763946533,0.5659149289131165,0.5859650373458862,0.5890869498252869,2706.0,0.5801283906399229,3.2405,835.069,1.852,nllpch_mmv_rank,1.0,,,,,nllpch_mmv_rank@1,L_PCH + L_rank + L_mul + MMV [λv=1]
support__ours_nllpch_mmv_rank_lv1__s1,12_final_support_and_encoding,support,1.0,,benchmark,ours,3.0409023761749268,0.644441806283111,0.6016817428405861,0.5965892497044711,0.1423499997873478,0.22335082723628055,0.24362760829798719,0.6142375996093894,0.22418759763240814,0.6142375996093894,0.2031094784405385,479.0668903839779,777.9426020253535,479.0668903839779,777.9426020253535,1819.0,0.22418759763240814,0.574636717697967,0.5572407841682434,0.5595126152038574,0.5869379043579102,0.5774965286254883,2682.0,0.574636717697967,2.894,926.732,2.073,nllpch_mmv_rank,1.0,,,,,nllpch_mmv_rank@1,L_PCH + L_rank + L_mul + MMV [λv=1]
support__ours_nllpch_mmv_rank_lv1__s2,12_final_support_and_encoding,support,2.0,,benchmark,ours,3.072521924972534,0.6289855636337269,0.5964190653498757,0.6004597936562643,0.14803417929250212,0.22612815223422325,0.24319099390622742,0.608621474213289,0.2259203940629959,0.608621474213289,0.2057844418109843,455.4747839293651,761.9032051443372,455.4747839293651,761.9032051443372,1824.0,0.2259203940629959,0.5874851747696619,0.5586632490158081,0.5746437907218933,0.5962185263633728,0.5953933596611023,2675.0,0.5874851747696619,2.9911,894.328,2.006,nllpch_mmv_rank,1.0,,,,,nllpch_mmv_rank@1,L_PCH + L_rank + L_mul + MMV [λv=1]
support__ours_nllpch_mmv_rank_lv1__s3,12_final_support_and_encoding,support,3.0,,benchmark,ours,3.023244619369507,0.6660622409092903,0.623189367672572,0.6000535918698249,0.1412572587547497,0.22120585301063597,0.24315713786703216,0.6297684001505625,0.22287407517433167,0.6297684001505625,0.2018734165441393,484.79333184419494,776.4830381078606,484.79333184419494,776.4830381078606,1796.0,0.22287407517433167,0.5784134100916116,0.5569566488265991,0.57231205701828,0.5895087718963623,0.5786721706390381,2635.0,0.5784134100916116,2.9716,886.726,2.019,nllpch_mmv_rank,1.0,,,,,nllpch_mmv_rank@1,L_PCH + L_rank + L_mul + MMV [λv=1]
support__ours_nllpch_mmv_rank_lv1__s4,12_final_support_and_encoding,support,4.0,,benchmark,ours,3.034395933151245,0.6497998667229973,0.6160223470363289,0.6031416157906596,0.15221611108189007,0.22595688218793444,0.24528616104923837,0.6229879431833286,0.22710658609867096,0.6229879431833286,0.20781971810635427,453.1900852487779,757.2669193031901,453.1900852487779,757.2669193031901,1834.0,0.22710658609867096,0.5776928152393429,0.5524460077285767,0.5659211874008179,0.5937436819076538,0.5786457061767578,2666.0,0.5776928152393429,2.83,942.061,2.12,nllpch_mmv_rank,1.0,,,,,nllpch_mmv_rank@1,L_PCH + L_rank + L_mul + MMV [λv=1]
support__ours_nllpch_sample_ranking__s0,12_final_support_and_encoding,support,0.0,,benchmark,ours,0.7343359589576721,0.6573615821574621,0.6040259645864638,0.5878618530342208,0.13635563403367995,0.22011227992237606,0.2442267638918653,0.6164164665927155,0.22232893109321594,0.6164164665927155,0.20023155928264044,589.602853216253,819.6806010037126,589.602853216253,819.6806010037126,1844.0,0.22232893109321594,0.5751050708210268,0.5461130142211914,0.562842607498169,0.589366614818573,0.5776137709617615,2706.0,0.5751050708210268,3.3576,805.926,1.787,nllpch_sample_ranking,,,,,,nllpch_sample_ranking,L_PCH + L_rank
support__ours_nllpch_sample_ranking__s1,12_final_support_and_encoding,support,1.0,,benchmark,ours,0.7403700351715088,0.6530780232092244,0.6032439852433494,0.5918893349778033,0.14067946535442338,0.22205834369376418,0.2439485925926607,0.6160704478101257,0.22352942824363708,0.6160704478101257,0.2022288005469494,573.1279534927337,817.8471419805851,573.1279534927337,817.8471419805851,1819.0,0.22352942824363708,0.5710198137656818,0.5516427159309387,0.5555496215820312,0.5851312875747681,0.5731968283653259,2682.0,0.5710198137656818,3.0514,878.927,1.966,nllpch_sample_ranking,,,,,,nllpch_sample_ranking,L_PCH + L_rank
support__ours_nllpch_sample_ranking__s2,12_final_support_and_encoding,support,2.0,,benchmark,ours,0.7377538681030273,0.6316966930587659,0.6055110322458657,0.6021221273907746,0.1474754466019253,0.22416931537431692,0.24264702638666966,0.6131099508984688,0.2246607393026352,0.6131099508984688,0.20476392945430397,577.3422287970459,812.765191374148,577.3422287970459,812.765191374148,1824.0,0.2246607393026352,0.5823790052547894,0.5538364052772522,0.5693338513374329,0.5973615050315857,0.5855854749679565,2675.0,0.5823790052547894,2.991,894.345,2.006,nllpch_sample_ranking,,,,,,nllpch_sample_ranking,L_PCH + L_rank
support__ours_nllpch_sample_ranking__s3,12_final_support_and_encoding,support,3.0,,benchmark,ours,0.7394284009933472,0.6495209743050694,0.6187268643218209,0.6061352443212354,0.14146545992693216,0.21999217688630002,0.24369881943083208,0.6247943609827086,0.22251580655574799,0.6247943609827086,0.20171881874802142,562.8699371562005,809.587465648715,562.8699371562005,809.587465648715,1796.0,0.22251580655574799,0.5770147278144989,0.5596750974655151,0.5696611404418945,0.5946358442306519,0.5719174742698669,2635.0,0.5770147278144989,3.0162,873.625,1.989,nllpch_sample_ranking,,,,,,nllpch_sample_ranking,L_PCH + L_rank
support__ours_nllpch_sample_ranking__s4,12_final_support_and_encoding,support,4.0,,benchmark,ours,0.7388207316398621,0.6547219693637112,0.6179997766667712,0.6035332448082794,0.14810795130106053,0.22313528205897357,0.2433329328989705,0.6254183302795874,0.22452563047409058,0.6254183302795874,0.20485872208633485,558.4861032248657,801.7567708542416,558.4861032248657,801.7567708542416,1834.0,0.22452563047409058,0.5744503121234616,0.5470012426376343,0.5635135769844055,0.5928035974502563,0.5738551020622253,2666.0,0.5744503121234616,2.9249,911.498,2.051,nllpch_sample_ranking,,,,,,nllpch_sample_ranking,L_PCH + L_rank
tune__support__00,12_final_support_and_encoding,support,,,,tune,0.9193564653396606,0.6476173196183245,0.6001690031926671,0.5906246840105739,0.13436296365351647,0.21808725705390966,0.23546414880435776,0.6128036689405217,0.21752023696899414,0.6128036689405217,0.19597145650392797,572.990991053126,784.0117284601804,572.990991053126,784.0117284601804,1844.0,0.21752023696899414,0.5760176180364468,0.55101078748703,0.5746976137161255,0.5897430777549744,0.5725466012954712,2706.0,0.5760176180364468,2.8499,949.495,2.105,,,2.0,8.0,32.0,0.001,,tune
tune__support__01,12_final_support_and_encoding,support,,,,tune,0.9392434358596802,0.6330960655417383,0.5856413048154043,0.5840970647290797,0.1357490607091465,0.21832253383455347,0.24114962887301242,0.6009448116954075,0.2201036959886551,0.6009448116954075,0.19840707447223746,616.7627739380023,830.5938835169607,616.7627739380023,830.5938835169607,1844.0,0.2201036959886551,0.5592952676395051,0.543441891670227,0.5565445423126221,0.5727021098136902,0.5545153021812439,2706.0,0.5592952676395051,2.9899,905.061,2.007,,,2.0,8.0,32.0,0.0001,,tune
tune__support__02,12_final_support_and_encoding,support,,,,tune,0.9189005494117737,0.6479550772981246,0.601985120005617,0.5912228971355107,0.13393836059141043,0.21684690660034442,0.23923856391676473,0.6137210314797508,0.21841083467006683,0.6137210314797508,0.1966746103695065,645.4639975210337,825.8360577252398,645.4639975210337,825.8360577252398,1844.0,0.21841083467006683,0.5699500429991362,0.532366931438446,0.5619251728057861,0.5845153331756592,0.5722551941871643,2706.0,0.5699500429991362,2.8528,948.538,2.103,,,2.0,8.0,64.0,0.001,,tune
tune__support__03,12_final_support_and_encoding,support,,,,tune,0.9147220253944397,0.636085174484873,0.5955085596804267,0.5915587487540989,0.135174118288123,0.21657252378431244,0.23369452286298195,0.6077174943064662,0.21612048149108887,0.6077174943064662,0.19514705497847248,596.1777478429639,796.3320887270212,596.1777478429639,796.3320887270212,1844.0,0.21612048149108887,0.5791998269070102,0.558897078037262,0.5791991353034973,0.591254711151123,0.5751706957817078,2706.0,0.5791998269070102,2.9533,916.278,2.032,,,2.0,8.0,64.0,0.0001,,tune
tune__support__04,12_final_support_and_encoding,support,,,,tune,0.915216326713562,0.6512805482281678,0.6036870187451142,0.5967281551995609,0.1360871896415849,0.21878765080977997,0.2339833915557251,0.6172319073909477,0.21742360293865204,0.6172319073909477,0.19628607733569667,547.8417533547077,769.0335158707314,547.8417533547077,769.0335158707314,1844.0,0.21742360293865204,0.5798146485321193,0.5584944486618042,0.5810742378234863,0.5927606225013733,0.5747467279434204,2706.0,0.5798146485321193,3.1396,861.902,1.911,,,2.0,16.0,32.0,0.001,,tune
tune__support__05,12_final_support_and_encoding,support,,,,tune,0.9067686200141907,0.6574188055660233,0.6051342754593816,0.5982566411949095,0.13260005382784812,0.2151627951995392,0.23269243418977573,0.6202699074067715,0.2147657424211502,0.6202699074067715,0.193485094405721,575.2763826495063,782.9700488070712,575.2763826495063,782.9700488070712,1844.0,0.2147657424211502,0.5798365033693785,0.556052565574646,0.5786234736442566,0.5944152474403381,0.575372576713562,2706.0,0.5798365033693785,2.9785,908.496,2.014,,,2.0,16.0,32.0,0.0001,,tune
tune__support__06,12_final_support_and_encoding,support,,,,tune,0.9097891449928284,0.6667457559305318,0.613983209448752,0.6021926054862987,0.1331636652620914,0.21553920589476935,0.23407829232296998,0.6276405236218608,0.21557965874671936,0.6276405236218608,0.19426038782661023,558.2385651118717,780.4336953877136,558.2385651118717,780.4336953877136,1844.0,0.21557965874671936,0.5769871523708112,0.5463164448738098,0.5665689706802368,0.5979714393615723,0.5739642381668091,2706.0,0.5769871523708112,3.013,898.096,1.991,,,2.0,16.0,64.0,0.001,,tune
tune__support__07,12_final_support_and_encoding,support,,,,tune,0.9133177995681763,0.645234406621167,0.5987845416962719,0.5905363875366548,0.1340441549778701,0.21693406320158082,0.2367963878207198,0.6115184452846979,0.21745739877223969,0.6115184452846979,0.19592486866672357,627.936054913116,812.3583629650836,627.936054913116,812.3583629650836,1844.0,0.21745739877223969,0.5716105685641392,0.5397421717643738,0.5639762282371521,0.5859925150871277,0.5724533200263977,2706.0,0.5716105685641392,3.8964,694.483,1.54,,,2.0,16.0,64.0,0.0001,,tune
tune__support__08,12_final_support_and_encoding,support,,,,tune,0.9156297445297241,0.6456912634277286,0.6014763304056917,0.587938954454187,0.13395319913278114,0.2159857159552755,0.23561699529438385,0.6117021827625359,0.21650967001914978,0.6117021827625359,0.1951853034608135,624.5723232536167,814.549685489463,624.5723232536167,814.549685489463,1844.0,0.21650967001914978,0.5708185855691328,0.5364473462104797,0.5682955384254456,0.5801049470901489,0.5735713243484497,2706.0,0.5708185855691328,2.8163,960.837,2.13,,,3.0,8.0,32.0,0.001,,tune
tune__support__09,12_final_support_and_encoding,support,,,,tune,0.916552722454071,0.6457684917677381,0.5948628072824652,0.587333699279183,0.13438115108382928,0.21683890656215205,0.23588325097371932,0.6093216661097954,0.21707996726036072,0.6093216661097954,0.19570110287323353,615.4033637378585,808.096434409368,615.4033637378585,808.096434409368,1844.0,0.21707996726036072,0.5734564396492872,0.5372118353843689,0.5693899393081665,0.585515558719635,0.5753555297851562,2706.0,0.5734564396492872,3.1326,863.823,1.915,,,3.0,8.0,32.0,0.0001,,tune
tune__support__10,12_final_support_and_encoding,support,,,,tune,0.913123369216919,0.6459564450771585,0.5987474579061899,0.5970273520447225,0.1350882927586958,0.21720414865114718,0.23216834705712036,0.6139104183426903,0.21579886972904205,0.6139104183426903,0.1948202628223211,546.9922653237709,776.0023198518793,546.9922653237709,776.0023198518793,1844.0,0.21579886972904205,0.5746755776880198,0.5477964878082275,0.5692988634109497,0.5941659212112427,0.5693500638008118,2706.0,0.5746755776880198,3.0839,877.459,1.946,,,3.0,8.0,64.0,0.001,,tune
tune__support__11,12_final_support_and_encoding,support,,,,tune,0.916405200958252,0.6418954439931704,0.59779193224841,0.5935875814349892,0.13460745087337583,0.21636176454299258,0.23439183001459857,0.6110916525588567,0.2162548154592514,0.6110916525588567,0.195120348476989,564.4217971953818,785.6331156764918,564.4217971953818,785.6331156764918,1844.0,0.2162548154592514,0.5738809812326113,0.5466122627258301,0.568820059299469,0.5870172381401062,0.5732542276382446,2706.0,0.5738809812326113,3.1902,848.219,1.881,,,3.0,8.0,64.0,0.0001,,tune
tune__support__12,12_final_support_and_encoding,support,,,,tune,0.9199935793876648,0.6549916956272942,0.6060581562829582,0.5977729065249108,0.13287465907939944,0.21761877658758003,0.23754328985297415,0.6196075861450544,0.2180008590221405,0.6196075861450544,0.19601224183998453,662.3450662409558,825.9544556143162,662.3450662409558,825.9544556143162,1844.0,0.2180008590221405,0.5735335895037905,0.5378638505935669,0.5609619617462158,0.5908174514770508,0.5755754709243774,2706.0,0.5735335895037905,3.5898,753.807,1.671,,,3.0,16.0,32.0,0.001,,tune
tune__support__13,12_final_support_and_encoding,support,,,,tune,0.9091580510139465,0.654405504612765,0.604715475856722,0.5986968596068009,0.13274493733233325,0.2148234517160328,0.2328115558837043,0.6192726133587626,0.21466588973999023,0.6192726133587626,0.19345998164402345,606.1936669961556,797.5913602208849,606.1936669961556,797.5913602208849,1844.0,0.21466588973999023,0.5798175773425256,0.5499416589736938,0.5741192102432251,0.5941905975341797,0.5792210698127747,2706.0,0.5798175773425256,3.0233,895.036,1.985,,,3.0,16.0,32.0,0.0001,,tune
tune__support__14,12_final_support_and_encoding,support,,,,tune,0.9130581617355347,0.6463760834066072,0.5953308047133002,0.5924693399973998,0.13362530834762837,0.2178136657186665,0.23692309201149314,0.6113920760391025,0.21791088581085205,0.6113920760391025,0.196120688692596,628.6955847933438,809.6282140095824,628.6955847933438,809.6282140095824,1844.0,0.21791088581085205,0.5792275042958861,0.5543860793113708,0.5764411091804504,0.5899538993835449,0.578685462474823,2706.0,0.5792275042958861,3.0825,877.866,1.946,,,3.0,16.0,64.0,0.001,,tune
tune__support__15,12_final_support_and_encoding,support,,,,tune,0.9075136780738831,0.6626275314379824,0.6118583082770525,0.5963590795498867,0.1325389149249316,0.21428298399045154,0.2342118080199288,0.6236149730883072,0.21493959426879883,0.6236149730883072,0.19367790231177065,600.0717871540545,795.5887147122036,600.0717871540545,795.5887147122036,1844.0,0.21493959426879883,0.578148691852671,0.5563666820526123,0.5774639844894409,0.5910384058952332,0.5741961002349854,2706.0,0.578148691852671,3.1797,851.028,1.887,,,3.0,16.0,64.0,0.0001,,tune
tune__support__16,12_final_support_and_encoding,support,,,,tune,0.9267536401748657,0.6269089589526721,0.5738642347611581,0.5741616349112341,0.13581303619777924,0.2192619288322996,0.23786716049540504,0.5916449428750213,0.21923303604125977,0.5916449428750213,0.1976473751751613,636.234629350879,822.0400415539398,636.234629350879,822.0400415539398,1844.0,0.21923303604125977,0.5636914202813152,0.5432192087173462,0.5646443963050842,0.573679506778717,0.5607812404632568,2706.0,0.5636914202813152,3.0354,891.487,1.977,,,4.0,8.0,32.0,0.001,,tune
tune__support__17,12_final_support_and_encoding,support,,,,tune,0.9145250916481018,0.635005838648597,0.5926966194911412,0.5884949152787208,0.13506395852635658,0.21747319657086994,0.23467923406848956,0.6053991244728197,0.2169744223356247,0.6053991244728197,0.19573879638857203,601.9765211863569,797.2739383265853,601.9765211863569,797.2739383265853,1844.0,0.2169744223356247,0.5750663471029692,0.5435592532157898,0.571239173412323,0.5868911147117615,0.5758564472198486,2706.0,0.5750663471029692,3.9291,688.707,1.527,,,4.0,8.0,32.0,0.0001,,tune
tune__support__18,12_final_support_and_encoding,support,,,,tune,0.9153677225112915,0.6413981120927484,0.5948529182717767,0.5885561269446892,0.1342771512340038,0.2177893972606183,0.2352533236540193,0.6082690524364048,0.21728387475013733,0.6082690524364048,0.19577329071621383,599.0670815924134,797.4783974503667,599.0670815924134,797.4783974503667,1844.0,0.21728387475013733,0.5743555551807614,0.5499359965324402,0.5723162889480591,0.5852010846138,0.5732517242431641,2706.0,0.5743555551807614,3.5561,760.939,1.687,,,4.0,8.0,64.0,0.001,,tune
tune__support__19,12_final_support_and_encoding,support,,,,tune,0.9199575781822205,0.6364908558854043,0.5938746478894131,0.5942605486298699,0.13450808092252853,0.21636752631935308,0.23437129158850298,0.6082086841348957,0.21623900532722473,0.6082086841348957,0.1950822996101282,611.4389013840985,806.6867098260674,611.4389013840985,806.6867098260674,1844.0,0.21623900532722473,0.5763826355692035,0.5464394092559814,0.5731014013290405,0.5857429504394531,0.5783639550209045,2706.0,0.5763826355692035,3.6065,750.317,1.664,,,4.0,8.0,64.0,0.0001,,tune
tune__support__20,12_final_support_and_encoding,support,,,,tune,0.9154179692268372,0.6503072850516639,0.5951668943611378,0.5912272307047828,0.1336864099117614,0.21796124643799392,0.23659122675285432,0.6122338033725282,0.21786321699619293,0.6122338033725282,0.19607962770086987,582.0252486372451,795.5812853744903,582.0252486372451,795.5812853744903,1844.0,0.21786321699619293,0.5668748003721081,0.5398640036582947,0.5500810146331787,0.5842884182929993,0.568771243095398,2706.0,0.5668748003721081,3.3747,801.853,1.778,,,4.0,16.0,32.0,0.001,,tune
tune__support__21,12_final_support_and_encoding,support,,,,tune,0.9151178002357483,0.6435274742145738,0.5973765937994914,0.5949358631747729,0.1335925933634673,0.21608067224294553,0.2358801984973596,0.6119466437296127,0.21663117408752441,0.6119466437296127,0.1951844880345908,615.7879281864933,806.0924237335485,615.7879281864933,806.0924237335485,1844.0,0.21663117408752441,0.574831420623495,0.5339574217796326,0.5611638426780701,0.5891131162643433,0.5809438228607178,2706.0,0.574831420623495,4.0023,676.108,1.499,,,4.0,16.0,32.0,0.0001,,tune
tune__support__22,12_final_support_and_encoding,support,,,,tune,0.9180055856704712,0.6502956542775661,0.6021685611538893,0.5947964666965202,0.1362729388350051,0.2186214919424101,0.2352163971425852,0.6157535607093252,0.21785996854305267,0.6157535607093252,0.19670360930666683,551.0630709986706,770.1498716411656,551.0630709986706,770.1498716411656,1844.0,0.21785996854305267,0.5791106638006458,0.560698926448822,0.5758317112922668,0.5904514193534851,0.5767685770988464,2706.0,0.5791106638006458,3.1328,863.777,1.915,,,4.0,16.0,64.0,0.001,,tune
tune__support__23,12_final_support_and_encoding,support,,,,tune,0.9123581051826477,0.6556834940706313,0.6055921366542609,0.6001836349979054,0.13388866522597312,0.21567085990251875,0.2339849920678271,0.6204864219075992,0.21567098796367645,0.6204864219075992,0.19451483906543965,606.7656170544366,803.1481449642622,606.7656170544366,803.1481449642622,1844.0,0.21567098796367645,0.5763584521243348,0.5439813137054443,0.5671038627624512,0.5918877720832825,0.5772667527198792,2706.0,0.5763584521243348,3.012,898.393,1.992,,,4.0,16.0,64.0,0.0001,,tune
