tag,source,dataset,seed,model,ctd_0th_event_0.25,ctd_0th_event_0.5,ctd_0th_event_0.75,brier_0th_event_0.25,brier_0th_event_0.5,brier_0th_event_0.75,ctd_0th_event,brier_0th_event,ctd_weighted_avg,brier_survtrace_weighted_avg,mae_uncensored_0th_event,mae_margin_0th_event,mae_uncensored,mae_margin,loss,brier_0th_event_n,brier_weighted_avg,ipcw_0th_event,ipcw_0th_event_0.25,ipcw_0th_event_0.50,ipcw_0th_event_0.75,ipcw_0th_event_1.00,ipcw_0th_event_n,ipcw_weighted_avg,runtime,samples_per_second,steps_per_second,recipe,lambda_v,grid_id,transformer_num_hidden_layers,transformer_hidden_size,transformer_intermediate_size,learning_rate,variant,label
metabric__coxph__s0,03_single_event_benchmarks,metabric,0.0,coxph,0.6133594510340533,0.6038868364499671,0.611745208509616,0.11635383029218596,0.19654765537699828,0.22134119810245928,0.6096638319978788,0.17808089459054785,0.6096638319978788,0.17808089459054785,64.62394596134489,81.75575444582256,64.62394596134489,81.75575444582256,,,,,,,,,,,,,,,,,,,,,,Cox PH (cause-specific)
metabric__coxph__s1,03_single_event_benchmarks,metabric,1.0,coxph,0.698399636443583,0.6506826754823964,0.6514846584624876,0.11499016204556366,0.19287096048344396,0.22185331069843087,0.6668556567961557,0.1765714777424795,0.6668556567961557,0.1765714777424795,62.46444473869589,77.34295155120134,62.46444473869589,77.34295155120134,,,,,,,,,,,,,,,,,,,,,,Cox PH (cause-specific)
metabric__coxph__s2,03_single_event_benchmarks,metabric,2.0,coxph,0.5843031973691335,0.5808536122190031,0.6181871884916327,0.11368400787051175,0.20060703566668536,0.21754453916388086,0.5944479993599231,0.177278527567026,0.5944479993599231,0.177278527567026,64.05036115643212,82.69053211372443,64.05036115643212,82.69053211372443,,,,,,,,,,,,,,,,,,,,,,Cox PH (cause-specific)
metabric__coxph__s3,03_single_event_benchmarks,metabric,3.0,coxph,0.6226422051030807,0.6197221103515304,0.630000834965363,0.13424539433298444,0.2014729382365736,0.2174642963864506,0.6241217168066581,0.1843942096520029,0.6241217168066581,0.1843942096520029,61.94941207769391,79.99302080141167,61.94941207769391,79.99302080141167,,,,,,,,,,,,,,,,,,,,,,Cox PH (cause-specific)
metabric__coxph__s4,03_single_event_benchmarks,metabric,4.0,coxph,0.6264493605294744,0.6263601713276339,0.638985544197899,0.11617336420132297,0.1956092568259174,0.23228047757948117,0.6305983586850025,0.18135436620224052,0.6305983586850025,0.18135436620224052,58.00075718926505,80.08750106360269,58.00075718926505,80.08750106360269,,,,,,,,,,,,,,,,,,,,,,Cox PH (cause-specific)
metabric__deephit_paper__s0,03_single_event_benchmarks,metabric,0.0,deephit_paper,0.6737461800158538,0.656163025314477,0.6336017393200257,0.11677514488904571,0.20000012536899145,0.23395612202790836,0.6545036482167855,0.1966398060321808,0.6545036482167855,0.18357713076198182,77.59786213170923,86.16363526150994,77.59786213170923,86.16363526150994,2.990373373031616,329.0,0.1966398060321808,0.6270019941859775,0.5925124883651733,0.6200230121612549,0.6346298456192017,0.6332526803016663,578.0,0.6270019941859775,0.6437,897.878,3.107,,,,,,,,,DeepHit
metabric__deephit_paper__s1,03_single_event_benchmarks,metabric,1.0,deephit_paper,0.7016599051862321,0.6892757255118744,0.6683376534661566,0.11988509484463344,0.20203649317079495,0.24120960908246109,0.6864244280547543,0.19566810131072998,0.6864244280547543,0.1877103990326298,81.67875633843107,88.62787308413587,81.67875633843107,88.62787308413587,3.016737461090088,337.0,0.19566810131072998,0.6302372410183861,0.5805612802505493,0.6155635118484497,0.6409821510314941,0.6414234638214111,561.0,0.6302372410183861,0.6051,927.062,3.305,,,,,,,,,DeepHit
metabric__deephit_paper__s2,03_single_event_benchmarks,metabric,2.0,deephit_paper,0.7033678534648484,0.6544721855340049,0.6458844483118245,0.11894250404954125,0.20328079396584817,0.2455388184570019,0.6679081624368927,0.19670535624027252,0.6679081624368927,0.18925403882413042,68.85386110833197,84.71458270844093,68.85386110833197,84.71458270844093,2.8843109607696533,340.0,0.19670535624027252,0.657904975072062,0.644427478313446,0.6524721384048462,0.6611447334289551,0.6611049175262451,605.0,0.657904975072062,0.6195,976.59,3.228,,,,,,,,,DeepHit
metabric__deephit_paper__s3,03_single_event_benchmarks,metabric,3.0,deephit_paper,0.6898428747837936,0.6634696037009733,0.6318537977543828,0.1324008881751829,0.2107682357481635,0.24390950517401752,0.6617220920797166,0.20601367950439453,0.6617220920797166,0.195692876365788,72.71103106998464,86.20485228766312,72.71103106998464,86.20485228766312,3.1659576892852783,345.0,0.20601367950439453,0.6325388146152799,0.6070116758346558,0.62598717212677,0.6345956325531006,0.6413732767105103,578.0,0.6325388146152799,0.6575,879.124,3.042,,,,,,,,,DeepHit
metabric__deephit_paper__s4,03_single_event_benchmarks,metabric,4.0,deephit_paper,0.7165409929472354,0.6731187426773289,0.647816601735799,0.11695667012590824,0.20202998456853394,0.2465236331619228,0.6791587791201211,0.19314536452293396,0.6791587791201211,0.18850342928545502,76.20490776569811,86.80639937461228,76.20490776569811,86.80639937461228,2.980299234390259,326.0,0.19314536452293396,0.6442599512782752,0.6263506412506104,0.640733003616333,0.6474601030349731,0.647822916507721,562.0,0.6442599512782752,0.6264,897.146,3.193,,,,,,,,,DeepHit
metabric__dsm_paper__s0,03_single_event_benchmarks,metabric,0.0,dsm_paper,0.6913202099947579,0.6559721911052443,0.6320857938955518,0.11493582028152526,0.1901017555948973,0.21900654956556256,0.6597927316651846,0.18621627986431122,0.6597927316651846,0.17468137514732837,74.92920115090807,82.5689731948542,74.92920115090807,82.5689731948542,2.1352310180664062,329.0,0.18621627986431122,0.624728488543677,0.6017921566963196,0.623281717300415,0.6292281746864319,0.627698540687561,578.0,0.624728488543677,0.6661,867.788,3.003,,,,,,,,,DSM
metabric__dsm_paper__s1,03_single_event_benchmarks,metabric,1.0,dsm_paper,0.7248740515117738,0.6963691361681519,0.6657402642836202,0.12514145638250948,0.20950141685995755,0.2514156436155526,0.6956611506545153,0.20375077426433563,0.6956611506545153,0.1953528389526732,91.78917765086811,87.76297286268489,91.78917765086811,87.76297286268489,2.2423558235168457,337.0,0.20375077426433563,0.6357668404068266,0.6078370809555054,0.6337427496910095,0.6365926861763,0.6429538130760193,561.0,0.6357668404068266,0.6393,877.455,3.128,,,,,,,,,DSM
metabric__dsm_paper__s2,03_single_event_benchmarks,metabric,2.0,dsm_paper,0.5702640739967038,0.5688481776442578,0.5783113079628609,0.3070036180688153,0.30324707403879697,0.2656363946047905,0.5724745198679408,0.29060760140419006,0.5724745198679408,0.2919623622374676,60.7282417154571,88.1692267210397,60.7282417154571,88.1692267210397,1448979070976.0,340.0,0.29060760140419006,0.5837956005851003,0.5839802622795105,0.5839868187904358,0.5838218331336975,0.5836413502693176,605.0,0.5837956005851003,0.593,1020.185,3.373,,,,,,,,,DSM
metabric__dsm_paper__s3,03_single_event_benchmarks,metabric,3.0,dsm_paper,0.6821602360256664,0.6275703102182116,0.6064669528873989,0.13094970711682044,0.20409425752446583,0.23804887925835286,0.6387324997104257,0.2006426900625229,0.6387324997104257,0.19103094796654638,59.57318469828877,83.79264206573716,59.57318469828877,83.79264206573716,2.198141098022461,345.0,0.2006426900625229,0.6126711589193018,0.6123746037483215,0.6194449067115784,0.6248885989189148,0.6000348329544067,578.0,0.6126711589193018,0.6602,875.469,3.029,,,,,,,,,DSM
metabric__dsm_paper__s4,03_single_event_benchmarks,metabric,4.0,dsm_paper,0.7217802178837592,0.6715963894724576,0.6481405413921887,0.11032216789464043,0.18983282176049468,0.23017688021276678,0.6805057162494684,0.18149283528327942,0.6805057162494684,0.17677728995596728,63.40703739386986,79.36402927688928,63.40703739386986,79.36402927688928,2.0964674949645996,326.0,0.18149283528327942,0.6405887857956045,0.6030690670013428,0.6409042477607727,0.6492822766304016,0.642716646194458,562.0,0.6405887857956045,0.7613,738.179,2.627,,,,,,,,,DSM
metabric__mensa_paper__s0,03_single_event_benchmarks,metabric,0.0,mensa_paper,0.658926457946908,0.6358060395268531,0.6176923162347252,0.14930910449877036,0.21913345952735636,0.2436536654210663,0.6374749379028287,0.21648289263248444,0.6374749379028287,0.20403207648239766,66.49501539105276,85.54229154100881,66.49501539105276,85.54229154100881,3.9169764518737793,329.0,0.21648289263248444,0.6020398931771116,0.6077868938446045,0.6124408841133118,0.615216851234436,0.5856219530105591,578.0,0.6020398931771116,0.7278,794.174,2.748,,,,,,,,,MENSA
metabric__mensa_paper__s1,03_single_event_benchmarks,metabric,1.0,mensa_paper,0.7239203125134605,0.6975606378649299,0.659128862145395,0.11790476331478776,0.20097372864528437,0.2469475931053012,0.6935366041745952,0.19666148722171783,0.6935366041745952,0.18860869502179112,83.62409619946622,86.58683966545469,83.62409619946622,86.58683966545469,3.754549503326416,337.0,0.19666148722171783,0.6124064622890382,0.6069366335868835,0.6145480871200562,0.6308395862579346,0.5986390113830566,561.0,0.6124064622890382,0.5739,977.51,3.485,,,,,,,,,MENSA
metabric__mensa_paper__s2,03_single_event_benchmarks,metabric,2.0,mensa_paper,0.7037162103173408,0.6426633235614959,0.6160495478981005,0.10857961033007447,0.19246321018594528,0.22125361868799967,0.6541430272589791,0.18217043578624725,0.6541430272589791,0.17409881306800648,63.03335849276236,83.73077016321245,63.03335849276236,83.73077016321245,3.5507311820983887,340.0,0.18217043578624725,0.6038193348463744,0.6086724996566772,0.6250538229942322,0.6348351836204529,0.5686254501342773,605.0,0.6038193348463744,1.182,511.828,1.692,,,,,,,,,MENSA
metabric__mensa_paper__s3,03_single_event_benchmarks,metabric,3.0,mensa_paper,0.6726728782103756,0.6466716653422011,0.612002938605856,0.13138734795410104,0.19966337878682633,0.2296518467816793,0.643782494052811,0.19596168398857117,0.643782494052811,0.18690085784086888,65.27951937582284,82.70450810495824,65.27951937582284,82.70450810495824,3.721536874771118,345.0,0.19596168398857117,0.6053254036805624,0.5947049260139465,0.6240211725234985,0.6128994226455688,0.5929282307624817,578.0,0.6053254036805624,0.6561,880.95,3.048,,,,,,,,,MENSA
metabric__mensa_paper__s4,03_single_event_benchmarks,metabric,4.0,mensa_paper,0.645276874347888,0.6155989028116504,0.6004730298332169,0.11847545480940642,0.20191049599015629,0.24589785075082782,0.6204496023309184,0.19361329078674316,0.6204496023309184,0.18876126718346353,67.51071143945994,84.49162257174692,67.51071143945994,84.49162257174692,3.6499335765838623,326.0,0.19361329078674316,0.5974587802501286,0.6107869148254395,0.6142052412033081,0.6146714687347412,0.5727466344833374,562.0,0.5974587802501286,1.4528,386.842,1.377,,,,,,,,,MENSA
metabric__ours_nllpch__s0,03_single_event_benchmarks,metabric,0.0,ours,0.6892626081408827,0.6651211759240859,0.6400734236734126,0.11515280308106285,0.1903286221442585,0.21799015365862429,0.6648190692461271,0.1862972378730774,0.6648190692461271,0.17449052629464856,69.31002247720376,80.4551574684669,69.31002247720376,80.4551574684669,0.6468382477760315,329.0,0.1862972378730774,0.6182446914278107,0.5958032608032227,0.6112386584281921,0.6296997666358948,0.618740975856781,578.0,0.6182446914278107,0.6454,895.505,3.099,nllpch,,,,,,,nllpch,L_PCH
metabric__ours_nllpch__s1,03_single_event_benchmarks,metabric,1.0,ours,0.6976996889745133,0.707337646012546,0.6688666706503413,0.11756860864222003,0.18830430789081035,0.23744932705468788,0.6913013352124668,0.18742646276950836,0.6913013352124668,0.18110741452923942,78.92410850336385,81.75024975397896,78.92410850336385,81.75024975397896,0.6893035173416138,337.0,0.18742646276950836,0.6288422770443417,0.5777830481529236,0.6159932613372803,0.6382030844688416,0.6405191421508789,561.0,0.6288422770443417,0.8282,677.338,2.415,nllpch,,,,,,,nllpch,L_PCH
metabric__ours_nllpch__s2,03_single_event_benchmarks,metabric,2.0,ours,0.7111386820743616,0.6670666304465177,0.6474398923860776,0.10393040165133298,0.18621886878586935,0.2223216448914898,0.675215068302319,0.1782638132572174,0.675215068302319,0.17082363844289739,71.95311585781057,81.3809585381165,71.95311585781057,81.3809585381165,0.6524284482002258,340.0,0.1782638132572174,0.6341910743345711,0.6273120045661926,0.6376332640647888,0.6531269550323486,0.6195272207260132,605.0,0.6341910743345711,0.6699,903.067,2.985,nllpch,,,,,,,nllpch,L_PCH
metabric__ours_nllpch__s3,03_single_event_benchmarks,metabric,3.0,ours,0.6840352740070337,0.6577000151520511,0.6296910917851647,0.12958759463209601,0.19819579568520954,0.22245084751929073,0.6571421269814165,0.19272637367248535,0.6571421269814165,0.18341141261219876,65.0170483648322,80.00630028298166,65.0170483648322,80.00630028298166,0.6574954390525818,345.0,0.19272637367248535,0.615888029065382,0.6021926403045654,0.6109744310379028,0.6196786761283875,0.6193124055862427,578.0,0.615888029065382,0.7034,821.692,2.843,nllpch,,,,,,,nllpch,L_PCH
metabric__ours_nllpch__s4,03_single_event_benchmarks,metabric,4.0,ours,0.7191421588831067,0.6795305601038913,0.6569688458603979,0.11086170711522854,0.1878668673507314,0.22523933821249684,0.685213854949132,0.17922468483448029,0.685213854949132,0.17465597089281892,62.69375232599696,78.26594334836476,62.69375232599696,78.26594334836476,0.6522884964942932,326.0,0.17922468483448029,0.6466089751498372,0.6305370330810547,0.6415744423866272,0.6624056696891785,0.6407783031463623,562.0,0.6466089751498372,0.6386,880.057,3.132,nllpch,,,,,,,nllpch,L_PCH
metabric__ours_nllpch_mmv_lv0.01__s0,03_single_event_benchmarks,metabric,0.0,ours,0.6837308673255947,0.6589491700035495,0.6420136514506675,0.1133468024631894,0.1885468580560028,0.21699163026372292,0.6615645629266039,0.18471787869930267,0.6615645629266039,0.17296176359430504,65.06838668558547,79.83393623592693,65.06838668558547,79.83393623592693,2.0791704654693604,329.0,0.18471787869930267,0.6286095543804332,0.6275348663330078,0.6293630003929138,0.6310804486274719,0.6266582012176514,578.0,0.6286095543804332,0.6976,828.511,2.867,nllpch_mmv,0.01,,,,,,nllpch_mmv@0.01,L_PCH + MMV [λv=0.01]
metabric__ours_nllpch_mmv_lv0.01__s1,03_single_event_benchmarks,metabric,1.0,ours,0.6746835002132001,0.6651544878046001,0.638590777201374,0.13767402786767638,0.2320045243583744,0.26696725390646486,0.6594762550730581,0.22167468070983887,0.6594762550730581,0.21221526871083854,56.77592496490733,83.233317599061,56.77592496490733,83.233317599061,2.071632146835327,337.0,0.22167468070983887,0.616356952133633,0.6145591735839844,0.6159542798995972,0.6173498034477234,0.6162381768226624,561.0,0.616356952133633,0.6129,915.291,3.263,nllpch_mmv,0.01,,,,,,nllpch_mmv@0.01,L_PCH + MMV [λv=0.01]
metabric__ours_nllpch_mmv_lv0.01__s2,03_single_event_benchmarks,metabric,2.0,ours,0.6744436506852877,0.6435753966138705,0.6497709293102392,0.12410171558675444,0.22123545127814925,0.24711218620930375,0.6559299922031324,0.206923708319664,0.6559299922031324,0.19748311769140248,60.397394572062225,84.25817863936545,60.397394572062225,84.25817863936545,2.059138536453247,340.0,0.206923708319664,0.6564977313275864,0.6577591300010681,0.6567472219467163,0.6561553478240967,0.6563525795936584,605.0,0.6564977313275864,0.625,967.934,3.2,nllpch_mmv,0.01,,,,,,nllpch_mmv@0.01,L_PCH + MMV [λv=0.01]
metabric__ours_nllpch_mmv_lv0.01__s3,03_single_event_benchmarks,metabric,3.0,ours,0.7039537511040718,0.6748254271027136,0.6604021458557967,0.1298583676118796,0.19463399181702964,0.21587489655050965,0.6797271080208608,0.1890362799167633,0.6797271080208608,0.1801224186598063,59.34297209171488,78.61073413177982,59.34297209171488,78.61073413177982,2.1138932704925537,345.0,0.1890362799167633,0.6339236153692753,0.6239984035491943,0.6269828677177429,0.6315079927444458,0.6420450210571289,578.0,0.6339236153692753,0.6385,905.185,3.132,nllpch_mmv,0.01,,,,,,nllpch_mmv@0.01,L_PCH + MMV [λv=0.01]
metabric__ours_nllpch_mmv_lv0.01__s4,03_single_event_benchmarks,metabric,4.0,ours,0.7054639652734567,0.6685660125728181,0.6527101512060189,0.11571214686741503,0.20279925348191968,0.24452994155999375,0.6755800430174311,0.19218170642852783,0.6755800430174311,0.1876804473031095,53.174569467512605,80.49155476310727,53.174569467512605,80.49155476310727,2.0796058177948,326.0,0.19218170642852783,0.6522134541004312,0.6416499018669128,0.6478496789932251,0.6565401554107666,0.6535647511482239,562.0,0.6522134541004312,0.6814,824.736,2.935,nllpch_mmv,0.01,,,,,,nllpch_mmv@0.01,L_PCH + MMV [λv=0.01]
metabric__ours_nllpch_mmv_rank_lv0.01__s0,03_single_event_benchmarks,metabric,0.0,ours,0.661191985916467,0.6455542682279547,0.6254425897345985,0.12320616777391068,0.21118159784187668,0.2509528585186887,0.6440629479596734,0.20936699211597443,0.6440629479596734,0.1951135413781587,57.092430998715805,85.20920401699496,57.092430998715805,85.20920401699496,3.091287136077881,329.0,0.20936699211597443,0.6311463955994491,0.620049774646759,0.6284405589103699,0.6342587471008301,0.632901668548584,578.0,0.6311463955994491,0.6583,878.06,3.038,nllpch_mmv_rank,0.01,,,,,,nllpch_mmv_rank@0.01,L_PCH + L_rank + L_mul + MMV [λv=0.01]
metabric__ours_nllpch_mmv_rank_lv0.01__s1,03_single_event_benchmarks,metabric,1.0,ours,0.6715196299785321,0.6786627694586038,0.6537066446467688,0.12269485973913982,0.2032199206439028,0.24211952103641637,0.6679630146946348,0.19705893099308014,0.6679630146946348,0.18934476713981965,58.007861887763184,80.7109807205357,58.007861887763184,80.7109807205357,3.1662044525146484,337.0,0.19705893099308014,0.6247276301894868,0.5725886225700378,0.6028426885604858,0.6246005892753601,0.6483610272407532,561.0,0.6247276301894868,0.6066,924.868,3.297,nllpch_mmv_rank,0.01,,,,,,nllpch_mmv_rank@0.01,L_PCH + L_rank + L_mul + MMV [λv=0.01]
metabric__ours_nllpch_mmv_rank_lv0.01__s2,03_single_event_benchmarks,metabric,2.0,ours,0.6606230170440158,0.625552194907523,0.6373834933084239,0.13008282925146367,0.23519897888104255,0.2628648302500116,0.6411862350866543,0.21961361169815063,0.6411862350866543,0.2093822127941726,58.250139420773046,86.29621988734573,58.250139420773046,86.29621988734573,3.082345962524414,340.0,0.21961361169815063,0.6451194077765532,0.6441527605056763,0.645179808139801,0.6459136605262756,0.6447001695632935,605.0,0.6451194077765532,0.6501,930.682,3.077,nllpch_mmv_rank,0.01,,,,,,nllpch_mmv_rank@0.01,L_PCH + L_rank + L_mul + MMV [λv=0.01]
metabric__ours_nllpch_mmv_rank_lv0.01__s3,03_single_event_benchmarks,metabric,3.0,ours,0.6901577182739318,0.6635031388429656,0.6476752457269679,0.1356893695898197,0.2133797581435624,0.24500043386592749,0.6671120342812884,0.2083730399608612,0.6671120342812884,0.19802318719976986,59.006850558768356,83.67507325915675,59.006850558768356,83.67507325915675,3.025810480117798,345.0,0.2083730399608612,0.6305818826571141,0.6227346062660217,0.6259292960166931,0.6318737864494324,0.634152352809906,578.0,0.6305818826571141,0.805,718.021,2.485,nllpch_mmv_rank,0.01,,,,,,nllpch_mmv_rank@0.01,L_PCH + L_rank + L_mul + MMV [λv=0.01]
metabric__ours_nllpch_mmv_rank_lv0.01__s4,03_single_event_benchmarks,metabric,4.0,ours,0.7044019845527808,0.6614157979434055,0.6488534359214145,0.11538725582043206,0.20308711239007443,0.24697841285461675,0.671557072805867,0.1932547688484192,0.671557072805867,0.1884842603550411,54.632143983648724,82.36296287661068,54.632143983648724,82.36296287661068,3.16308331489563,326.0,0.1932547688484192,0.6479826937703526,0.637245237827301,0.6425305604934692,0.6498841047286987,0.6517804265022278,562.0,0.6479826937703526,0.6371,882.108,3.139,nllpch_mmv_rank,0.01,,,,,,nllpch_mmv_rank@0.01,L_PCH + L_rank + L_mul + MMV [λv=0.01]
metabric__ours_nllpch_mmv_rank_lv0.1__s0,03_single_event_benchmarks,metabric,0.0,ours,0.676563396741618,0.6501617898484614,0.6284300906136442,0.11671676778919532,0.1995621462471325,0.23981954698919652,0.6517184257345746,0.1982100009918213,0.6517184257345746,0.18536615367517476,58.93756744759313,84.34989284780258,58.93756744759313,84.34989284780258,3.031320571899414,329.0,0.1982100009918213,0.6202563647822146,0.6015171408653259,0.6033902168273926,0.6234275102615356,0.6309711337089539,578.0,0.6202563647822146,0.6623,872.775,3.02,nllpch_mmv_rank,0.1,,,,,,nllpch_mmv_rank@0.1,L_PCH + L_rank + L_mul + MMV [λv=0.1]
metabric__ours_nllpch_mmv_rank_lv0.1__s1,03_single_event_benchmarks,metabric,1.0,ours,0.7039193098555694,0.6703745861431307,0.6584733844468922,0.1178676417671851,0.19921263122321084,0.2442575935985834,0.6775890934818641,0.19448786973953247,0.6775890934818641,0.18711262219632643,55.083853217543265,81.13390557400818,55.083853217543265,81.13390557400818,3.1259303092956543,337.0,0.19448786973953247,0.6265254271881922,0.5760374069213867,0.6047918200492859,0.6287068128585815,0.6479223370552063,561.0,0.6265254271881922,0.6062,925.426,3.299,nllpch_mmv_rank,0.1,,,,,,nllpch_mmv_rank@0.1,L_PCH + L_rank + L_mul + MMV [λv=0.1]
metabric__ours_nllpch_mmv_rank_lv0.1__s2,03_single_event_benchmarks,metabric,2.0,ours,0.69711470467308,0.6454957719321842,0.6431081884962369,0.1089414441921057,0.1979114264810325,0.24169455601242357,0.6619062217005004,0.19094912707805634,0.6619062217005004,0.18284914222852058,57.17599203229787,85.82978161771678,57.17599203229787,85.82978161771678,3.036172389984131,340.0,0.19094912707805634,0.6451690177900511,0.65598064661026,0.6594468951225281,0.6640512347221375,0.621293306350708,605.0,0.6451690177900511,0.6332,955.442,3.158,nllpch_mmv_rank,0.1,,,,,,nllpch_mmv_rank@0.1,L_PCH + L_rank + L_mul + MMV [λv=0.1]
metabric__ours_nllpch_mmv_rank_lv0.1__s3,03_single_event_benchmarks,metabric,3.0,ours,0.6820429732003656,0.6648502744768757,0.6468059236022393,0.135730381413851,0.21043994749737327,0.2571195865120185,0.6645663904264936,0.2104797065258026,0.6645663904264936,0.20109663847441425,57.821867272942775,84.83685588235207,57.821867272942775,84.83685588235207,2.9877076148986816,345.0,0.2104797065258026,0.6289763350828905,0.6274732351303101,0.6361321806907654,0.6405442953109741,0.6169675588607788,578.0,0.6289763350828905,0.6474,892.857,3.089,nllpch_mmv_rank,0.1,,,,,,nllpch_mmv_rank@0.1,L_PCH + L_rank + L_mul + MMV [λv=0.1]
metabric__ours_nllpch_mmv_rank_lv0.1__s4,03_single_event_benchmarks,metabric,4.0,ours,0.7119376282312737,0.6742454766864215,0.6525412646292436,0.1155017802239637,0.20010545334258895,0.25282693578510157,0.6795747898489797,0.19349287450313568,0.6795747898489797,0.18947805645055138,54.05550658049631,83.94483964855631,54.05550658049631,83.94483964855631,3.0917816162109375,326.0,0.19349287450313568,0.6449226540531597,0.6389080286026001,0.645109236240387,0.6553781032562256,0.6382195353507996,562.0,0.6449226540531597,0.6674,842.036,2.997,nllpch_mmv_rank,0.1,,,,,,nllpch_mmv_rank@0.1,L_PCH + L_rank + L_mul + MMV [λv=0.1]
metabric__ours_nllpch_mmv_rank_lv1__s0,03_single_event_benchmarks,metabric,0.0,ours,0.6888197163955457,0.6637095111272303,0.6178553588879446,0.12362696832384237,0.2110675385342665,0.4078524375185167,0.6567948621369069,0.2564938962459564,0.6567948621369069,0.24751564812554183,56.39840205097084,93.2952659831139,56.39840205097084,93.2952659831139,2.9913289546966553,329.0,0.2564938962459564,0.6207917706724779,0.6059736609458923,0.6094674468040466,0.6278667449951172,0.6248616576194763,578.0,0.6207917706724779,0.6928,834.32,2.887,nllpch_mmv_rank,1.0,,,,,,nllpch_mmv_rank@1,L_PCH + L_rank + L_mul + MMV [λv=1]
metabric__ours_nllpch_mmv_rank_lv1__s1,03_single_event_benchmarks,metabric,1.0,ours,0.6627620701735476,0.6790410157722443,0.6614969798225543,0.1305824549798426,0.20260849130738337,0.383173886914745,0.6677666885894488,0.23786137998104095,0.6677666885894488,0.23878827773399033,53.88192632485757,90.66953044720024,53.88192632485757,90.66953044720024,2.920701026916504,337.0,0.23786137998104095,0.6216099029495603,0.5550971627235413,0.6009646058082581,0.6399324536323547,0.6340819001197815,561.0,0.6216099029495603,0.6025,931.058,3.319,nllpch_mmv_rank,1.0,,,,,,nllpch_mmv_rank@1,L_PCH + L_rank + L_mul + MMV [λv=1]
metabric__ours_nllpch_mmv_rank_lv1__s2,03_single_event_benchmarks,metabric,2.0,ours,0.7177454383996382,0.6593282288410282,0.6186185304960178,0.1165416039890672,0.197138747976341,0.3797631940173841,0.6652307325788948,0.23308317363262177,0.6652307325788948,0.23114784866093077,54.69350088678635,95.48716267269181,54.69350088678635,95.48716267269181,2.9716439247131348,340.0,0.23308317363262177,0.6361807431331874,0.6246119141578674,0.6393700242042542,0.6381094455718994,0.6358195543289185,605.0,0.6361807431331874,0.652,927.918,3.067,nllpch_mmv_rank,1.0,,,,,,nllpch_mmv_rank@1,L_PCH + L_rank + L_mul + MMV [λv=1]
metabric__ours_nllpch_mmv_rank_lv1__s3,03_single_event_benchmarks,metabric,3.0,ours,0.6816955818931281,0.661968619454685,0.6559917242297666,0.15203633159530466,0.23628736603671982,0.3532036916512127,0.6665519751925265,0.25526776909828186,0.6665519751925265,0.2471757964277457,53.97007798998653,87.85500398761053,53.97007798998653,87.85500398761053,2.982675790786743,345.0,0.25526776909828186,0.6241241507486764,0.6018885374069214,0.6035215258598328,0.634677529335022,0.6328331828117371,578.0,0.6241241507486764,0.6923,834.935,2.889,nllpch_mmv_rank,1.0,,,,,,nllpch_mmv_rank@1,L_PCH + L_rank + L_mul + MMV [λv=1]
metabric__ours_nllpch_mmv_rank_lv1__s4,03_single_event_benchmarks,metabric,4.0,ours,0.7320719352908266,0.6822823728935095,0.6512598089312767,0.12737525643987604,0.21973102941904699,0.41296599995119027,0.6885380390385376,0.24956925213336945,0.6885380390385376,0.25335742860337107,51.35272896797513,91.5241655694297,51.35272896797513,91.5241655694297,3.048506259918213,326.0,0.24956925213336945,0.650370686223694,0.6355950832366943,0.6308467984199524,0.6590906977653503,0.6568342447280884,562.0,0.650370686223694,0.627,896.304,3.19,nllpch_mmv_rank,1.0,,,,,,nllpch_mmv_rank@1,L_PCH + L_rank + L_mul + MMV [λv=1]
metabric__ours_nllpch_sample_ranking__s0,03_single_event_benchmarks,metabric,0.0,ours,0.6775084375576726,0.6646275649365907,0.6428160451518438,0.11574772406351291,0.19602692363071403,0.2286474194719431,0.6616506825487024,0.19240301847457886,0.6616506825487024,0.18014068905539002,67.11897068622461,83.59135204798503,67.11897068622461,83.59135204798503,0.5629034638404846,329.0,0.19240301847457886,0.6204012420587924,0.5942091941833496,0.6068511009216309,0.627800464630127,0.6281194090843201,578.0,0.6204012420587924,0.669,863.959,2.989,nllpch_sample_ranking,,,,,,,nllpch_sample_ranking,L_PCH + L_rank
metabric__ours_nllpch_sample_ranking__s1,03_single_event_benchmarks,metabric,1.0,ours,0.675849813421389,0.6900340548399585,0.6584800504023023,0.12117757828649299,0.20099656554235049,0.24297082338274736,0.6747879728878833,0.19598257541656494,0.6747879728878833,0.18838165573719692,67.82342474588957,84.31617749208874,67.82342474588957,84.31617749208874,0.5625700950622559,337.0,0.19598257541656494,0.6277835760797773,0.5822953581809998,0.6123008131980896,0.6304850578308105,0.6444758176803589,561.0,0.6277835760797773,0.6236,899.568,3.207,nllpch_sample_ranking,,,,,,,nllpch_sample_ranking,L_PCH + L_rank
metabric__ours_nllpch_sample_ranking__s2,03_single_event_benchmarks,metabric,2.0,ours,0.7091623167535082,0.6560380394151119,0.6416472710719334,0.10876090909206743,0.1953774742116791,0.2403405125168776,0.6689492090801844,0.18911485373973846,0.6689492090801844,0.1814929652735414,68.38543629182115,86.32103933821378,68.38543629182115,86.32103933821378,0.5589011311531067,340.0,0.18911485373973846,0.6352952259149698,0.640620768070221,0.6398377418518066,0.654048502445221,0.6174446940422058,605.0,0.6352952259149698,0.6064,997.768,3.298,nllpch_sample_ranking,,,,,,,nllpch_sample_ranking,L_PCH + L_rank
metabric__ours_nllpch_sample_ranking__s3,03_single_event_benchmarks,metabric,3.0,ours,0.6777020696787327,0.6581131576037326,0.6251062690673044,0.13482898020138168,0.20460746743287386,0.2337689858261152,0.6536404987832566,0.2003261297941208,0.6536404987832566,0.19106847782012357,66.84708402084024,84.0544901200209,66.84708402084024,84.0544901200209,0.5645378232002258,345.0,0.2003261297941208,0.6205702898578382,0.6148887872695923,0.6305486559867859,0.6246000528335571,0.6139668226242065,578.0,0.6205702898578382,0.668,865.205,2.994,nllpch_sample_ranking,,,,,,,nllpch_sample_ranking,L_PCH + L_rank
metabric__ours_nllpch_sample_ranking__s4,03_single_event_benchmarks,metabric,4.0,ours,0.683463526670219,0.6616275182849612,0.6448346664741743,0.11527226929605049,0.19754293858791183,0.2418276680803482,0.6633085704764515,0.1898145228624344,0.6633085704764515,0.18488095865477017,63.931913709044984,83.42850320428772,63.931913709044984,83.42850320428772,0.5735286474227905,326.0,0.1898145228624344,0.6403454916149962,0.6299839615821838,0.6357565522193909,0.6446618437767029,0.6417676210403442,562.0,0.6403454916149962,0.7889,712.388,2.535,nllpch_sample_ranking,,,,,,,nllpch_sample_ranking,L_PCH + L_rank
support__coxph__s0,03_single_event_benchmarks,support,0.0,coxph,0.5311523305745137,0.5443717437341992,0.5810292588152022,0.1419467201659137,0.22466791821691084,0.23338311522361732,0.5521844443746383,0.19999925120214726,0.5521844443746383,0.19999925120214726,609.8892312805299,798.8037092698632,609.8892312805299,798.8037092698632,,,,,,,,,,,,,,,,,,,,,,Cox PH (cause-specific)
support__coxph__s1,03_single_event_benchmarks,support,1.0,coxph,0.5274023550536454,0.5539963295941526,0.5758098221703344,0.14747472023087188,0.22499428123173904,0.2374186887152018,0.5524028356060442,0.2032958967259376,0.5524028356060442,0.2032958967259376,613.0464804721258,809.065893370577,613.0464804721258,809.065893370577,,,,,,,,,,,,,,,,,,,,,,Cox PH (cause-specific)
support__coxph__s2,03_single_event_benchmarks,support,2.0,coxph,0.5294722582310986,0.5578583237579936,0.5865351334546774,0.15327543170578062,0.2263154667288107,0.23161321560420958,0.5579552384812566,0.2037347046796003,0.5579552384812566,0.2037347046796003,597.0541155663124,792.9315974203317,597.0541155663124,792.9315974203317,,,,,,,,,,,,,,,,,,,,,,Cox PH (cause-specific)
support__coxph__s3,03_single_event_benchmarks,support,3.0,coxph,0.5383811945691345,0.5601893051768654,0.5837900534704151,0.14735581043669993,0.22475326904572865,0.2348506557875866,0.5607868510721383,0.20231991175667172,0.5607868510721383,0.20231991175667172,609.1498969951191,801.2884741732648,609.1498969951191,801.2884741732648,,,,,,,,,,,,,,,,,,,,,,Cox PH (cause-specific)
support__coxph__s4,03_single_event_benchmarks,support,4.0,coxph,0.5397727322221109,0.5506584412124251,0.5707893960847458,0.15504754898074943,0.22977541119916317,0.23905449883921898,0.5537401898397606,0.2079591530063772,0.5537401898397606,0.2079591530063772,608.526421118892,799.5557276840567,608.526421118892,799.5557276840567,,,,,,,,,,,,,,,,,,,,,,Cox PH (cause-specific)
support__deephit_paper__s0,03_single_event_benchmarks,support,0.0,deephit_paper,0.6455181975091534,0.590152671491515,0.5840186993514092,0.14186833094316578,0.23446412705670003,0.2703723141245282,0.6065631894506925,0.2407352775335312,0.6065631894506925,0.215568257374798,544.7267478725867,800.7217503356345,544.7267478725867,800.7217503356345,3.859069585800171,1844.0,0.2407352775335312,0.5851817989978013,0.5584647059440613,0.584604024887085,0.5890855193138123,0.5891212224960327,2706.0,0.5851817989978013,3.8678,699.628,1.551,,,,,,,,,DeepHit
support__deephit_paper__s1,03_single_event_benchmarks,support,1.0,deephit_paper,0.629782543368899,0.5829918447491379,0.573697385805101,0.14530794863137525,0.23284969277215475,0.2677432161301497,0.5954905913077125,0.23919285833835602,0.5954905913077125,0.21530028584455993,558.6740147229888,814.0853271837203,558.6740147229888,814.0853271837203,3.9375863075256348,1819.0,0.23919285833835602,0.5769590952250464,0.5401970744132996,0.5802366137504578,0.5814115405082703,0.5814419388771057,2682.0,0.5769590952250464,3.0598,876.526,1.961,,,,,,,,,DeepHit
support__deephit_paper__s2,03_single_event_benchmarks,support,2.0,deephit_paper,0.6172174403613424,0.5950494281461658,0.5923408220935862,0.15041243224850895,0.23785885972734874,0.27319991941045146,0.6015358968670315,0.24440009891986847,0.6015358968670315,0.22049040379543638,528.5816713585723,797.3624873679906,528.5816713585723,797.3624873679906,4.025233268737793,1824.0,0.24440009891986847,0.5910994632702075,0.5552652478218079,0.5858516097068787,0.5982030630111694,0.598209798336029,2675.0,0.5910994632702075,3.5633,750.711,1.684,,,,,,,,,DeepHit
support__deephit_paper__s3,03_single_event_benchmarks,support,3.0,deephit_paper,0.6134237841694503,0.5785798289683611,0.5868239529849002,0.1502273073893722,0.24445397890510212,0.27427098401535754,0.5929425220409038,0.2480921894311905,0.5929425220409038,0.22298409010327727,525.1869263677113,795.5339993180086,525.1869263677113,795.5339993180086,3.945974111557007,1796.0,0.2480921894311905,0.5827421876120726,0.5559799671173096,0.5830365419387817,0.5865872502326965,0.58664470911026,2635.0,0.5827421876120726,3.0642,859.935,1.958,,,,,,,,,DeepHit
support__deephit_paper__s4,03_single_event_benchmarks,support,4.0,deephit_paper,0.6238530991258596,0.5917338788671912,0.5812573788863676,0.1530246729864641,0.23326603847334873,0.26628796801575133,0.5989481189598062,0.23949599266052246,0.5989481189598062,0.2175262264918547,565.417916644125,810.0694195862077,565.417916644125,810.0694195862077,4.077629566192627,1834.0,0.23949599266052246,0.5804200731578141,0.5537976026535034,0.584477961063385,0.5834099054336548,0.5834141969680786,2666.0,0.5804200731578141,3.1932,834.896,1.879,,,,,,,,,DeepHit
support__dsm_paper__s0,03_single_event_benchmarks,support,0.0,dsm_paper,0.6152828371645104,0.560946220098722,0.5697159345342135,0.13806116929322537,0.22563683299172166,0.24569206900495258,0.581981663932482,0.2258252203464508,0.581981663932482,0.2031300237632999,685.2256969068717,862.9789905034817,685.2256969068717,862.9789905034817,3.2334327697753906,1844.0,0.2258252203464508,0.5618071680911669,0.5262660980224609,0.5666836500167847,0.5687509179115295,0.5629507303237915,2706.0,0.5618071680911669,3.5401,764.39,1.695,,,,,,,,,DSM
support__dsm_paper__s1,03_single_event_benchmarks,support,1.0,dsm_paper,0.6144100494160595,0.5723890807894038,0.5699627432394351,0.14481952957483582,0.22280516558594116,0.24358741118641833,0.5855872911482994,0.22410352528095245,0.5855872911482994,0.20373736878239845,686.3197771864336,868.4535446178317,686.3197771864336,868.4535446178317,3.2887988090515137,1819.0,0.22410352528095245,0.5584153998549846,0.5338963270187378,0.5562680959701538,0.5619851350784302,0.5631495118141174,2682.0,0.5584153998549846,3.5406,757.496,1.695,,,,,,,,,DSM
support__dsm_paper__s2,03_single_event_benchmarks,support,2.0,dsm_paper,0.5,0.5,0.5,0.45605329683742035,0.3904294716849544,0.3170370323385508,0.5,0.36662644147872925,0.5,0.3878399336203085,355.5024881154879,726.8776692798699,355.5024881154879,726.8776692798699,1637464932352.0,1824.0,0.36662644147872925,0.5,0.5,0.5,0.5,0.5,2675.0,0.5,3.7298,717.195,1.609,,,,,,,,,DSM
support__dsm_paper__s3,03_single_event_benchmarks,support,3.0,dsm_paper,0.537742112100788,0.5372817879763425,0.5554302000054655,0.14543466191192922,0.22503164084168573,0.2497908211707073,0.5434847000275319,0.2278791218996048,0.5434847000275319,0.20675237464144072,669.2430121112399,868.5463179873925,669.2430121112399,868.5463179873925,3.2597289085388184,1796.0,0.2278791218996048,0.5385874989556103,0.5227004885673523,0.5318813920021057,0.55474454164505,0.5338924527168274,2635.0,0.5385874989556103,3.6554,720.856,1.641,,,,,,,,,DSM
support__dsm_paper__s4,03_single_event_benchmarks,support,4.0,dsm_paper,0.5,0.5,0.5,0.2739411141421344,0.26895098528592615,0.2530772838372368,0.5,0.26295146346092224,0.5,0.26532312775509914,493.49585457265607,782.7285629672998,493.49585457265607,782.7285629672998,1626895810560.0,1834.0,0.26295146346092224,0.5,0.5,0.5,0.5,0.5,2666.0,0.5,3.5977,741.033,1.668,,,,,,,,,DSM
support__mensa_paper__s0,03_single_event_benchmarks,support,0.0,mensa_paper,0.6096395855722574,0.5757508107752638,0.5649282433154694,0.14118460358521606,0.2241160405224771,0.24883184064103914,0.5834395465543302,0.226665660738945,0.5834395465543302,0.20471082824957743,463.122584202448,757.9599801349328,463.122584202448,757.9599801349328,4.676151752471924,1844.0,0.226665660738945,0.5477188112923304,0.5059720277786255,0.5296223759651184,0.5588341355323792,0.558603048324585,2706.0,0.5477188112923304,3.3498,807.818,1.791,,,,,,,,,MENSA
support__mensa_paper__s1,03_single_event_benchmarks,support,1.0,mensa_paper,0.6258662650066037,0.5891884928136849,0.5785572337770231,0.14544163126089638,0.2222998242793287,0.24171433067237788,0.5978706638657706,0.22321103513240814,0.5978706638657706,0.20315192873753432,496.0466187001483,773.2575128139783,496.0466187001483,773.2575128139783,4.594810485839844,1819.0,0.22321103513240814,0.5635611199522507,0.5261071920394897,0.5537925958633423,0.5731137990951538,0.5709792375564575,2682.0,0.5635611199522507,3.0215,887.643,1.986,,,,,,,,,MENSA
support__mensa_paper__s2,03_single_event_benchmarks,support,2.0,mensa_paper,0.5990477445277806,0.5660169980461459,0.5701595495365542,0.1516516754615628,0.22835277328351344,0.24131178775590337,0.5784080973701603,0.22655102610588074,0.5784080973701603,0.20710541216699319,548.2798703041565,798.7619559276217,548.2798703041565,798.7619559276217,4.6649041175842285,1824.0,0.22655102610588074,0.5518383608245931,0.5098984241485596,0.5456075072288513,0.5617523789405823,0.5589948892593384,2675.0,0.5518383608245931,3.3323,802.759,1.801,,,,,,,,,MENSA
support__mensa_paper__s3,03_single_event_benchmarks,support,3.0,mensa_paper,0.6212377596630223,0.6007913712539377,0.5921457547040909,0.14228913560757186,0.21742968477914074,0.23978745013237815,0.6047249618736836,0.21969914436340332,0.6047249618736836,0.1998354235063636,583.5256108151943,816.8443475004985,583.5256108151943,816.8443475004985,4.666101455688477,1796.0,0.21969914436340332,0.5641607197319589,0.514460563659668,0.5539283156394958,0.574920654296875,0.5740610957145691,2635.0,0.5641607197319589,3.362,783.762,1.785,,,,,,,,,MENSA
support__mensa_paper__s4,03_single_event_benchmarks,support,4.0,mensa_paper,0.5651611301541396,0.534887246105382,0.5151244277721027,0.17617507094209128,0.29450984274154246,0.2698674098311996,0.5383909346772081,0.2735162675380707,0.5383909346772081,0.24685077450494444,582.0709008633208,827.2719846564496,582.0709008633208,827.2719846564496,6.388330459594727,1834.0,0.2735162675380707,0.49467416540310255,0.5241832137107849,0.5152846574783325,0.5085550546646118,0.46559053659439087,2666.0,0.4946741654031026,3.0775,866.282,1.95,,,,,,,,,MENSA
support__ours_nllpch__s0,03_single_event_benchmarks,support,0.0,ours,0.6490018469669268,0.5999620756440095,0.5886825227151256,0.1335356386523873,0.21558577121543576,0.23508239670169442,0.6125488151086873,0.2160509079694748,0.6125488151086873,0.19473460218983915,582.4084076040289,791.7365766449401,582.4084076040289,791.7365766449401,0.9119642972946167,1844.0,0.2160509079694748,0.5743946015094459,0.5524493455886841,0.572618305683136,0.5874237418174744,0.570916473865509,2706.0,0.5743946015094459,3.9089,692.26,1.535,nllpch,,,,,,,nllpch,L_PCH
support__ours_nllpch__s1,03_single_event_benchmarks,support,1.0,ours,0.6339798477451141,0.5961803296652309,0.5835647546653296,0.14033082451061432,0.21962373273759336,0.2387876835288066,0.6045749773585581,0.2201685756444931,0.6045749773585581,0.19958074692567143,569.2080656987501,789.1410350500577,569.2080656987501,789.1410350500577,0.934569239616394,1819.0,0.2201685756444931,0.5719688566414989,0.5420328974723816,0.5710815787315369,0.5830169916152954,0.5718008875846863,2682.0,0.5719688566414989,2.9612,905.722,2.026,nllpch,,,,,,,nllpch,L_PCH
support__ours_nllpch__s2,03_single_event_benchmarks,support,2.0,ours,0.6175508049383939,0.5939992921521,0.5895680024430323,0.1479658859382484,0.22433169733685537,0.2336187861186402,0.6003726998445087,0.22100377082824707,0.6003726998445087,0.201972123131248,563.5967502855592,778.8985098812797,563.5967502855592,778.8985098812797,0.9285829663276672,1824.0,0.22100377082824707,0.5804475552293659,0.5591937303543091,0.5771380066871643,0.5921177268028259,0.5791212320327759,2675.0,0.5804475552293659,3.9557,676.245,1.517,nllpch,,,,,,,nllpch,L_PCH
support__ours_nllpch__s3,03_single_event_benchmarks,support,3.0,ours,0.6350738951027206,0.6071602519041822,0.5946666980424544,0.1407540403881931,0.21672698155670633,0.23692358359722768,0.6123002816831191,0.2180148959159851,0.6123002816831191,0.19813486851404238,601.0344581759725,806.151304441743,601.0344581759725,806.151304441743,0.9281838536262512,1796.0,0.2180148959159851,0.5718782207653951,0.547825813293457,0.5674365162849426,0.5856658816337585,0.5699557662010193,2635.0,0.5718782207653951,3.2217,817.892,1.862,nllpch,,,,,,,nllpch,L_PCH
support__ours_nllpch__s4,03_single_event_benchmarks,support,4.0,ours,0.6337922533831017,0.6108296045826411,0.5892370282368776,0.14741667291782615,0.2189056109089905,0.23786708047245028,0.6112862954008734,0.2200702279806137,0.6112862954008734,0.20139645476642232,546.6681827788059,775.6650600899679,546.6681827788059,775.6650600899679,0.9300441741943359,1834.0,0.2200702279806137,0.5673289539069482,0.5352074503898621,0.5620518922805786,0.5845845937728882,0.5659362077713013,2666.0,0.5673289539069482,3.1809,838.125,1.886,nllpch,,,,,,,nllpch,L_PCH
support__ours_nllpch_mmv_lv0.01__s0,03_single_event_benchmarks,support,0.0,ours,0.6500309378591002,0.5954336504244611,0.5870910193999451,0.1348596329472842,0.2159860577682195,0.23498789233382783,0.6108518692278354,0.21634367108345032,0.6108518692278354,0.19527786101644384,522.0893769754857,759.6057694185454,522.0893769754857,759.6057694185454,2.015352964401245,1844.0,0.21634367108345032,0.5784789279775439,0.5535162687301636,0.5814505815505981,0.591190755367279,0.5736382603645325,2706.0,0.5784789279775439,3.3523,807.21,1.79,nllpch_mmv,0.01,,,,,,nllpch_mmv@0.01,L_PCH + MMV [λv=0.01]
support__ours_nllpch_mmv_lv0.01__s1,03_single_event_benchmarks,support,1.0,ours,0.6321587435261994,0.5883355528857307,0.5843748513206387,0.14062513927948223,0.22176096142283924,0.24192575200593996,0.6016230492441896,0.22247081995010376,0.6016230492441896,0.20143728423608712,653.1613110573077,833.429740413926,653.1613110573077,833.429740413926,2.037282943725586,1819.0,0.22247081995010376,0.5696545351021587,0.5348614454269409,0.5624980926513672,0.5832369923591614,0.5720054507255554,2682.0,0.5696545351021587,3.5037,765.468,1.712,nllpch_mmv,0.01,,,,,,nllpch_mmv@0.01,L_PCH + MMV [λv=0.01]
support__ours_nllpch_mmv_lv0.01__s2,03_single_event_benchmarks,support,2.0,ours,0.6170671168120089,0.5911790515807795,0.5893731030804743,0.14822310495650756,0.22311310895612677,0.23600567671160833,0.5992064238244209,0.22142788767814636,0.5992064238244209,0.20244729687474758,474.5604292346081,738.0366979453102,474.5604292346081,738.0366979453102,2.03418231010437,1824.0,0.22142788767814636,0.5759880918409266,0.5237343907356262,0.5685890316963196,0.590917706489563,0.5827639698982239,2675.0,0.5759880918409266,4.4012,607.794,1.363,nllpch_mmv,0.01,,,,,,nllpch_mmv@0.01,L_PCH + MMV [λv=0.01]
support__ours_nllpch_mmv_lv0.01__s3,03_single_event_benchmarks,support,3.0,ours,0.5414526058349183,0.5359130803514015,0.5605908845239432,0.14586342663073526,0.22401898651862562,0.24780603652663002,0.5459855235700877,0.22661063075065613,0.5459855235700877,0.20589614989199698,583.9125121909303,826.4110368149546,583.9125121909303,826.4110368149546,1.985144019126892,1796.0,0.22661063075065613,0.5480819435711711,0.500535249710083,0.5238965749740601,0.5564190745353699,0.5662083625793457,2635.0,0.5480819435711711,3.6269,726.512,1.654,nllpch_mmv,0.01,,,,,,nllpch_mmv@0.01,L_PCH + MMV [λv=0.01]
support__ours_nllpch_mmv_lv0.01__s4,03_single_event_benchmarks,support,4.0,ours,0.6299298335779648,0.6017047769802213,0.5854500477835499,0.14822368410220785,0.22149627398302382,0.23898001585901063,0.6056948861139121,0.22188609838485718,0.6056948861139121,0.20289999131474742,552.7411191756502,776.5255099882565,552.7411191756502,776.5255099882565,2.0414414405822754,1834.0,0.22188609838485718,0.5683092505296994,0.5381045937538147,0.560422420501709,0.582121729850769,0.5703083276748657,2666.0,0.5683092505296994,3.3918,786.004,1.769,nllpch_mmv,0.01,,,,,,nllpch_mmv@0.01,L_PCH + MMV [λv=0.01]
support__ours_nllpch_mmv_rank_lv0.01__s0,03_single_event_benchmarks,support,0.0,ours,0.651798350291002,0.6006557897438104,0.5888782555939157,0.13641361552195938,0.22090159776085186,0.2453020360355236,0.613777465209576,0.22317226231098175,0.613777465209576,0.20087241643944495,567.1620107585294,809.6445178656262,567.1620107585294,809.6445178656262,3.0181355476379395,1844.0,0.22317226231098175,0.5760041825468438,0.5476271510124207,0.5694544911384583,0.5913172960281372,0.5747547149658203,2706.0,0.5760041825468438,3.4091,793.751,1.76,nllpch_mmv_rank,0.01,,,,,,nllpch_mmv_rank@0.01,L_PCH + L_rank + L_mul + MMV [λv=0.01]
support__ours_nllpch_mmv_rank_lv0.01__s1,03_single_event_benchmarks,support,1.0,ours,0.6310568989567721,0.5868123048430995,0.5845514366543575,0.14258433743260074,0.22388689155429992,0.24556105731582856,0.6008068801514096,0.22526417672634125,0.6008068801514096,0.20401076210090974,628.872525802729,844.6062961273734,628.872525802729,844.6062961273734,3.030787467956543,1819.0,0.22526417672634125,0.5693417741592297,0.5420428514480591,0.5483434796333313,0.5834951400756836,0.5763433575630188,2682.0,0.5693417741592297,3.1933,839.887,1.879,nllpch_mmv_rank,0.01,,,,,,nllpch_mmv_rank@0.01,L_PCH + L_rank + L_mul + MMV [λv=0.01]
support__ours_nllpch_mmv_rank_lv0.01__s2,03_single_event_benchmarks,support,2.0,ours,0.6233988331355547,0.5978766987137532,0.5978418657778375,0.14806885704186237,0.2261886300747757,0.24674074953522332,0.6063724658757151,0.22744064033031464,0.6063724658757151,0.20699941221728713,511.1166433410192,784.2471712585456,511.1166433410192,784.2471712585456,3.0383386611938477,1824.0,0.22744064033031464,0.581034419779676,0.5453953146934509,0.5616577863693237,0.5952122211456299,0.5900710225105286,2675.0,0.581034419779676,3.2777,816.114,1.831,nllpch_mmv_rank,0.01,,,,,,nllpch_mmv_rank@0.01,L_PCH + L_rank + L_mul + MMV [λv=0.01]
support__ours_nllpch_mmv_rank_lv0.01__s3,03_single_event_benchmarks,support,3.0,ours,0.6292005364477317,0.5891080313180964,0.5901466868686255,0.14223017269001542,0.2213680636485644,0.24403960027801963,0.6028184182114845,0.22340983152389526,0.6028184182114845,0.20254594553886648,606.853192438583,828.4080114127654,606.853192438583,828.4080114127654,3.045238494873047,1796.0,0.22340983152389526,0.5710777857879842,0.5478417873382568,0.5586897134780884,0.582022488117218,0.5750479698181152,2635.0,0.5710777857879842,3.191,825.758,1.88,nllpch_mmv_rank,0.01,,,,,,nllpch_mmv_rank@0.01,L_PCH + L_rank + L_mul + MMV [λv=0.01]
support__ours_nllpch_mmv_rank_lv0.01__s4,03_single_event_benchmarks,support,4.0,ours,0.6488621367003924,0.612405671096762,0.5881322533227419,0.14946898864267544,0.22460617130348184,0.24286727940344865,0.6164666870399654,0.22518539428710938,0.6164666870399654,0.20564747978320197,572.3530519893424,806.6333573446391,572.3530519893424,806.6333573446391,3.046203851699829,1834.0,0.22518539428710938,0.5784157384807465,0.5600188970565796,0.5812559723854065,0.585963785648346,0.576359212398529,2666.0,0.5784157384807465,3.1919,835.23,1.88,nllpch_mmv_rank,0.01,,,,,,nllpch_mmv_rank@0.01,L_PCH + L_rank + L_mul + MMV [λv=0.01]
support__ours_nllpch_mmv_rank_lv0.1__s0,03_single_event_benchmarks,support,0.0,ours,0.6508334612718484,0.6026392780626637,0.5945207433515824,0.1361735854439038,0.22039639896088298,0.2448085634468223,0.6159978275620316,0.22268365323543549,0.6159978275620316,0.20045951595053635,602.6785617586338,825.1631902513205,602.6785617586338,825.1631902513205,3.0111215114593506,1844.0,0.22268365323543549,0.5797775472059934,0.5575103759765625,0.5714089274406433,0.5892560482025146,0.5822910666465759,2706.0,0.5797775472059934,3.9112,691.856,1.534,nllpch_mmv_rank,0.1,,,,,,nllpch_mmv_rank@0.1,L_PCH + L_rank + L_mul + MMV [λv=0.1]
support__ours_nllpch_mmv_rank_lv0.1__s1,03_single_event_benchmarks,support,1.0,ours,0.6251159348242242,0.5761764697171774,0.5774574639784218,0.14256460087449638,0.22432007427845663,0.24605252691372512,0.5929166228399412,0.22568753361701965,0.5929166228399412,0.2043124006888927,551.3686836736216,810.994130957871,551.3686836736216,810.994130957871,3.0518929958343506,1819.0,0.22568753361701965,0.5603071277345663,0.5346710085868835,0.5311400890350342,0.5770044326782227,0.5690959692001343,2682.0,0.5603071277345663,2.873,933.508,2.088,nllpch_mmv_rank,0.1,,,,,,nllpch_mmv_rank@0.1,L_PCH + L_rank + L_mul + MMV [λv=0.1]
support__ours_nllpch_mmv_rank_lv0.1__s2,03_single_event_benchmarks,support,2.0,ours,0.6184111861942853,0.5814621422580348,0.5888774127054565,0.1484443759918631,0.2262952259524229,0.24458542516912352,0.5962502470525922,0.22661150991916656,0.5962502470525922,0.20644167570446983,521.9620199887339,790.9075202915526,521.9620199887339,790.9075202915526,3.0253310203552246,1824.0,0.22661150991916656,0.5708633446519056,0.5343953967094421,0.5464299321174622,0.5845180153846741,0.5831472873687744,2675.0,0.5708633446519056,3.7756,708.491,1.589,nllpch_mmv_rank,0.1,,,,,,nllpch_mmv_rank@0.1,L_PCH + L_rank + L_mul + MMV [λv=0.1]
support__ours_nllpch_mmv_rank_lv0.1__s3,03_single_event_benchmarks,support,3.0,ours,0.648694936368371,0.6112216980961536,0.596637110168488,0.1418590297725903,0.2211027507222595,0.24414971176656522,0.6188512482110041,0.22329553961753845,0.6188512482110041,0.20237049742047167,528.7289639873604,793.1346544896411,528.7289639873604,793.1346544896411,3.0390262603759766,1796.0,0.22329553961753845,0.5817564201196388,0.5561829209327698,0.5768051147460938,0.592605471611023,0.5826950073242188,2635.0,0.5817564201196388,3.1552,835.121,1.902,nllpch_mmv_rank,0.1,,,,,,nllpch_mmv_rank@0.1,L_PCH + L_rank + L_mul + MMV [λv=0.1]
support__ours_nllpch_mmv_rank_lv0.1__s4,03_single_event_benchmarks,support,4.0,ours,0.6454923191505115,0.6073782246183744,0.5820278724425256,0.15287555434164946,0.22758219165408666,0.24497110073317638,0.6116328054038039,0.2278357744216919,0.6116328054038039,0.20847628224297085,573.9495396314894,810.8007139664187,573.9495396314894,810.8007139664187,3.0401110649108887,1834.0,0.2278357744216919,0.5711652910148306,0.535332202911377,0.5640493035316467,0.5828645825386047,0.5758987665176392,2666.0,0.5711652910148306,3.7814,705.031,1.587,nllpch_mmv_rank,0.1,,,,,,nllpch_mmv_rank@0.1,L_PCH + L_rank + L_mul + MMV [λv=0.1]
support__ours_nllpch_mmv_rank_lv1__s0,03_single_event_benchmarks,support,0.0,ours,0.6527441648406351,0.5930978660998286,0.587320337440594,0.13664009627092513,0.22244966390392917,0.24460456932097838,0.6110541227936859,0.22366751730442047,0.6110541227936859,0.20123144316527755,493.8701461420421,779.5012607252514,493.8701461420421,779.5012607252514,3.01234769821167,1844.0,0.22366751730442047,0.5788788496863481,0.5492742657661438,0.5779644846916199,0.5882232785224915,0.5796206593513489,2706.0,0.5788788496863481,3.2345,836.611,1.855,nllpch_mmv_rank,1.0,,,,,,nllpch_mmv_rank@1,L_PCH + L_rank + L_mul + MMV [λv=1]
support__ours_nllpch_mmv_rank_lv1__s1,03_single_event_benchmarks,support,1.0,ours,0.6334938489619659,0.5917761881680252,0.5828379184523439,0.14443640064322275,0.22741824735725003,0.2458929399382316,0.6027026518607784,0.2273077368736267,0.6027026518607784,0.20591586264623477,519.7376748109631,796.9734352084108,519.7376748109631,796.9734352084108,3.0339651107788086,1819.0,0.2273077368736267,0.5731351415567267,0.5379161834716797,0.5561050176620483,0.5848169922828674,0.5820462703704834,2682.0,0.5731351415567267,2.9443,910.924,2.038,nllpch_mmv_rank,1.0,,,,,,nllpch_mmv_rank@1,L_PCH + L_rank + L_mul + MMV [λv=1]
support__ours_nllpch_mmv_rank_lv1__s2,03_single_event_benchmarks,support,2.0,ours,0.6291668361490997,0.5998940652286688,0.5972257855894127,0.14893715369809993,0.22665000770486401,0.24290549130496863,0.6087622289890604,0.22612817585468292,0.6087622289890604,0.2061642175693109,473.759382113749,771.34599197749,473.759382113749,771.34599197749,3.0473692417144775,1824.0,0.22612817585468292,0.5857579343343042,0.5588179230690002,0.5779190063476562,0.5945132970809937,0.5905394554138184,2675.0,0.5857579343343042,3.2403,825.553,1.852,nllpch_mmv_rank,1.0,,,,,,nllpch_mmv_rank@1,L_PCH + L_rank + L_mul + MMV [λv=1]
support__ours_nllpch_mmv_rank_lv1__s3,03_single_event_benchmarks,support,3.0,ours,0.6436838621184344,0.6019601959162929,0.5906915248936513,0.14300407115465502,0.22548650479935614,0.24599689306039293,0.6121118609761261,0.22632187604904175,0.6121118609761261,0.2048291563381347,520.6821653777112,794.3233063583475,520.6821653777112,794.3233063583475,3.008613348007202,1796.0,0.22632187604904175,0.5728058616496507,0.5494974255561829,0.55897057056427,0.5804474353790283,0.5800033807754517,2635.0,0.5728058616496507,3.293,800.171,1.822,nllpch_mmv_rank,1.0,,,,,,nllpch_mmv_rank@1,L_PCH + L_rank + L_mul + MMV [λv=1]
support__ours_nllpch_mmv_rank_lv1__s4,03_single_event_benchmarks,support,4.0,ours,0.6359177166949046,0.6015206250195906,0.5857284614214894,0.14984839424622376,0.2259578987838583,0.24418371256899546,0.6077222677119948,0.2264329046010971,0.6077222677119948,0.2066633351996925,461.72538563390157,760.2917396568506,461.72538563390157,760.2917396568506,3.0258021354675293,1834.0,0.2264329046010971,0.5753188280554041,0.5474376678466797,0.5702134370803833,0.5845056772232056,0.5787177085876465,2666.0,0.5753188280554041,3.157,844.476,1.901,nllpch_mmv_rank,1.0,,,,,,nllpch_mmv_rank@1,L_PCH + L_rank + L_mul + MMV [λv=1]
support__ours_nllpch_sample_ranking__s0,03_single_event_benchmarks,support,0.0,ours,0.6548888795842696,0.6022078699713762,0.5815408005546968,0.13572882686960278,0.22022088314656188,0.2445010029895028,0.6128791833701142,0.22243592143058777,0.6128791833701142,0.2001502376685558,599.3362729419629,824.3933030146861,599.3362729419629,824.3933030146861,0.7358338236808777,1844.0,0.22243592143058777,0.5733415057363529,0.5635457634925842,0.568742573261261,0.5830284953117371,0.5707680583000183,2706.0,0.5733415057363529,3.2626,829.41,1.839,nllpch_sample_ranking,,,,,,,nllpch_sample_ranking,L_PCH + L_rank
support__ours_nllpch_sample_ranking__s1,03_single_event_benchmarks,support,1.0,ours,0.6404703429444848,0.5912218759347541,0.5845571093438345,0.14199661037120892,0.2233487162050715,0.2459922923486417,0.6054164427410246,0.22511887550354004,0.6054164427410246,0.20377920630830737,616.327043099934,839.7152307571163,616.327043099934,839.7152307571163,0.7405425906181335,1819.0,0.22511887550354004,0.565957268697975,0.5448334217071533,0.5431679487228394,0.5806609988212585,0.5718517899513245,2682.0,0.565957268697975,2.9985,894.435,2.001,nllpch_sample_ranking,,,,,,,nllpch_sample_ranking,L_PCH + L_rank
support__ours_nllpch_sample_ranking__s2,03_single_event_benchmarks,support,2.0,ours,0.6200413124483816,0.5846106109309169,0.5809839885218591,0.14784910776066834,0.22569283705015114,0.24601070340276657,0.5952119706337192,0.22686459124088287,0.5952119706337192,0.20651754940452868,544.7117884149775,801.1213931932082,544.7117884149775,801.1213931932082,0.7414203882217407,1824.0,0.22686459124088287,0.5683270499613444,0.538921594619751,0.5507962107658386,0.5783482789993286,0.5778538584709167,2675.0,0.5683270499613444,3.6937,724.211,1.624,nllpch_sample_ranking,,,,,,,nllpch_sample_ranking,L_PCH + L_rank
support__ours_nllpch_sample_ranking__s3,03_single_event_benchmarks,support,3.0,ours,0.6551205767385427,0.607995421802118,0.5950483313647557,0.14180205439676333,0.22114378900388107,0.24457400582374364,0.6193881099684722,0.2234828919172287,0.6193881099684722,0.20250661640812936,564.9279286907447,810.6679834944763,564.9279286907447,810.6679834944763,0.7399990558624268,1796.0,0.2234828919172287,0.5703294413052747,0.5460466146469116,0.5633585453033447,0.5853764414787292,0.5687805414199829,2635.0,0.5703294413052747,3.0396,866.899,1.974,nllpch_sample_ranking,,,,,,,nllpch_sample_ranking,L_PCH + L_rank
support__ours_nllpch_sample_ranking__s4,03_single_event_benchmarks,support,4.0,ours,0.6374952634398533,0.6034150393379933,0.5824422555315517,0.15045576391555648,0.2255824734219112,0.24395944674809775,0.6077841861031329,0.2262030690908432,0.6077841861031329,0.20666589469518848,598.1888232564405,820.7558056437832,598.1888232564405,820.7558056437832,0.7422570586204529,1834.0,0.2262030690908432,0.5680929924784336,0.5429703593254089,0.5611088275909424,0.5799001455307007,0.5697346925735474,2666.0,0.5680929924784336,3.6175,736.969,1.659,nllpch_sample_ranking,,,,,,,nllpch_sample_ranking,L_PCH + L_rank
tune__metabric__00,03_single_event_benchmarks,metabric,,tune,0.6830343826485896,0.6775468836554362,0.6420184682618607,0.11856566765217805,0.1882157698413273,0.21743058570066984,0.6675332448552954,0.18607956171035767,0.6675332448552954,0.17473734106472505,64.14694426446108,79.71601457332272,64.14694426446108,79.71601457332272,0.6488282084465027,329.0,0.18607956171035767,0.6240133496140094,0.6023321747779846,0.6188769936561584,0.6407807469367981,0.619441568851471,578.0,0.6240133496140094,0.6568,879.985,3.045,,,0.0,2.0,8.0,32.0,0.001,,tune
tune__metabric__01,03_single_event_benchmarks,metabric,,tune,0.6864452426405564,0.6610717647332235,0.6364586342746813,0.11460952328531736,0.19087401123196104,0.22078850072129358,0.6613252138828204,0.1872778683900833,0.6613252138828204,0.17542401174619063,68.7511435157322,82.76701368634664,68.7511435157322,82.76701368634664,0.6600509881973267,329.0,0.1872778683900833,0.6119273490521497,0.6061258316040039,0.6198199987411499,0.6312848329544067,0.5949994325637817,578.0,0.6119273490521497,0.7077,816.729,2.826,,,1.0,2.0,8.0,32.0,0.0001,,tune
tune__metabric__02,03_single_event_benchmarks,metabric,,tune,0.6801471887255177,0.6587230798326306,0.6302624005700126,0.11987203170437934,0.19364796232264575,0.22422945576587472,0.6563775563760536,0.1912117600440979,0.6563775563760536,0.17924981659763328,64.3870137200797,81.53698843247656,64.3870137200797,81.53698843247656,0.6633955240249634,329.0,0.1912117600440979,0.6182642235569611,0.6029040813446045,0.6181520223617554,0.6313850283622742,0.6123248934745789,578.0,0.6182642235569611,0.7165,806.681,2.791,,,2.0,2.0,8.0,64.0,0.001,,tune
tune__metabric__03,03_single_event_benchmarks,metabric,,tune,0.642411948771222,0.6198217586271927,0.6200798448215825,0.1194366189261836,0.20365497140855782,0.2368289335165007,0.627437850739999,0.19963477551937103,0.627437850739999,0.1866401746170807,72.92439048218385,87.2571818857176,72.92439048218385,87.2571818857176,0.703892707824707,329.0,0.19963477551937103,0.5867077806493739,0.5806105732917786,0.5898647904396057,0.5998778343200684,0.5768300294876099,578.0,0.5867077806493739,0.6603,875.302,3.029,,,3.0,2.0,8.0,64.0,0.0001,,tune
tune__metabric__04,03_single_event_benchmarks,metabric,,tune,0.6882815976927659,0.6647519316401038,0.6349171295358498,0.11449437457925314,0.19253453802461337,0.22185384877502215,0.6626502196229065,0.1882743090391159,0.6626502196229065,0.1762942537929629,69.48015735192,83.14752151415229,69.48015735192,83.14752151415229,0.6505734920501709,329.0,0.1882743090391159,0.6078681538975428,0.5981550216674805,0.6115612983703613,0.6275006532669067,0.5938063263893127,578.0,0.6078681538975428,0.6262,923.051,3.194,,,4.0,2.0,16.0,32.0,0.001,,tune
tune__metabric__05,03_single_event_benchmarks,metabric,,tune,0.6682543652060727,0.6489050082314977,0.6309832757912984,0.11531333757776656,0.19035658261807276,0.2188464988599531,0.6493808830762896,0.18658749759197235,0.6493808830762896,0.17483880635193083,68.28958701301272,80.69203553458989,68.28958701301272,80.69203553458989,0.6472097039222717,329.0,0.18658749759197235,0.6189617577198806,0.6121600866317749,0.6206478476524353,0.6304397583007812,0.6112523674964905,578.0,0.6189617577198806,0.6125,943.66,3.265,,,5.0,2.0,16.0,32.0,0.0001,,tune
tune__metabric__06,03_single_event_benchmarks,metabric,,tune,0.6973063074400441,0.6676244948619121,0.6249319879548013,0.11276447390478168,0.18762083982315178,0.2252014663059294,0.6632875967522525,0.18679121136665344,0.6632875967522525,0.17519559334462098,66.43868196876917,82.18837628513869,66.43868196876917,82.18837628513869,0.6522198915481567,329.0,0.18679121136665344,0.6168045666482713,0.6141677498817444,0.624294102191925,0.632038414478302,0.6023687720298767,578.0,0.6168045666482713,0.6056,954.374,3.302,,,6.0,2.0,16.0,64.0,0.001,,tune
tune__metabric__07,03_single_event_benchmarks,metabric,,tune,0.6841883453271537,0.6622301668618423,0.6393839320516255,0.11982763607423809,0.20296439543534756,0.23620881079020428,0.6619341480802071,0.19927562773227692,0.6619341480802071,0.18633361409992996,75.20727776252134,87.21124652048293,75.20727776252134,87.21124652048293,0.729312539100647,329.0,0.19927562773227692,0.614520505161658,0.6037858724594116,0.6103165149688721,0.6187845468521118,0.6160895228385925,578.0,0.614520505161658,0.6877,840.514,2.908,,,7.0,2.0,16.0,64.0,0.0001,,tune
tune__metabric__08,03_single_event_benchmarks,metabric,,tune,0.6765947390788082,0.6592835200381292,0.6293659130470669,0.1163070688689784,0.19050624549717673,0.21961751042393485,0.6550813907213348,0.18717092275619507,0.6550813907213348,0.17547694159669666,67.42773585158172,81.0895905584425,67.42773585158172,81.0895905584425,0.6465172171592712,329.0,0.18717092275619507,0.6152604626939702,0.5955557227134705,0.6051000952720642,0.6276574730873108,0.6159842610359192,578.0,0.6152604626939702,0.6273,921.364,3.188,,,8.0,3.0,8.0,32.0,0.001,,tune
tune__metabric__09,03_single_event_benchmarks,metabric,,tune,0.6767757680527131,0.6540680265307216,0.6319058736918849,0.11670718060609886,0.19621791876726866,0.22737170382250937,0.6542498894251065,0.1923743337392807,0.6542498894251065,0.18009893439862565,72.38653424105073,85.37974449803596,72.38653424105073,85.37974449803596,0.6859366297721863,329.0,0.1923743337392807,0.6031025904293317,0.5962388515472412,0.6053339838981628,0.6158518195152283,0.5941903591156006,578.0,0.6031025904293317,0.61,947.524,3.279,,,9.0,3.0,8.0,32.0,0.0001,,tune
tune__metabric__10,03_single_event_benchmarks,metabric,,tune,0.689913577347842,0.6672321512773705,0.6426589526855893,0.11742841408426356,0.19595896134771026,0.21652390905731944,0.6666015604369339,0.18881551921367645,0.6666015604369339,0.17663709482976442,72.95706920222918,80.39125881458858,72.95706920222918,80.39125881458858,0.6580222249031067,329.0,0.18881551921367645,0.6225968118261214,0.6005750894546509,0.6078749299049377,0.6305915117263794,0.6294505000114441,578.0,0.6225968118261214,0.6301,917.325,3.174,,,10.0,3.0,8.0,64.0,0.001,,tune
tune__metabric__11,03_single_event_benchmarks,metabric,,tune,0.6815799489074276,0.6555992975890904,0.6309124558882463,0.11417563350561619,0.19181354240889922,0.22033611585445775,0.6560305674615882,0.18748275935649872,0.6560305674615882,0.17544176392299105,70.05283524413022,81.6242874772403,70.05283524413022,81.6242874772403,0.6505314111709595,329.0,0.18748275935649872,0.616831160654224,0.6000298857688904,0.6093971729278564,0.6334108710289001,0.6123712658882141,578.0,0.616831160654224,0.6726,859.297,2.973,,,11.0,3.0,8.0,64.0,0.0001,,tune
tune__metabric__12,03_single_event_benchmarks,metabric,,tune,0.6809168455802072,0.6613314090338768,0.6314055433461359,0.11643020514769518,0.19292951455342977,0.2223697514392394,0.6578845993200733,0.1894896775484085,0.6578845993200733,0.17724315704678814,64.36175208217253,80.42425722069711,64.36175208217253,80.42425722069711,0.6537162065505981,329.0,0.1894896775484085,0.6169858681849945,0.5934568047523499,0.6030519008636475,0.6296316981315613,0.6203590631484985,578.0,0.6169858681849945,0.6132,942.533,3.261,,,12.0,3.0,16.0,32.0,0.001,,tune
tune__metabric__13,03_single_event_benchmarks,metabric,,tune,0.6638037592515155,0.6378744157252388,0.6197642696182055,0.11680421885172067,0.1962325209047058,0.22464460192843544,0.6404808148649866,0.19146746397018433,0.6404808148649866,0.17922711389495397,70.90399321993803,83.59247580334817,70.90399321993803,83.59247580334817,0.6618239283561707,329.0,0.19146746397018433,0.612150197282379,0.5948957204818726,0.6091631054878235,0.6242712140083313,0.6088635325431824,578.0,0.612150197282379,0.643,898.923,3.11,,,13.0,3.0,16.0,32.0,0.0001,,tune
tune__metabric__14,03_single_event_benchmarks,metabric,,tune,0.6796035855509743,0.6542565279076955,0.628446357174547,0.11901267333291958,0.1964390885413149,0.2270964148306339,0.6541021568777389,0.19337354600429535,0.6541021568777389,0.1808493922349561,66.39079532724179,81.88324484002912,66.39079532724179,81.88324484002912,0.658111572265625,329.0,0.19337354600429535,0.6173379457622803,0.6024895310401917,0.6135038137435913,0.630674421787262,0.6129921674728394,578.0,0.6173379457622803,0.6421,900.11,3.115,,,14.0,3.0,16.0,64.0,0.001,,tune
tune__metabric__15,03_single_event_benchmarks,metabric,,tune,0.6844704307598183,0.6588638805876331,0.6336815634741121,0.11534489076473342,0.19136494151140063,0.21917204879738464,0.6590052916071878,0.18729646503925323,0.6590052916071878,0.17529396035783953,67.48559529423599,80.95496211419709,67.48559529423599,80.95496211419709,0.6480265855789185,329.0,0.18729646503925323,0.621754561151777,0.6107773780822754,0.6249850392341614,0.6352171301841736,0.612809419631958,578.0,0.621754561151777,0.679,851.198,2.945,,,15.0,3.0,16.0,64.0,0.0001,,tune
tune__metabric__16,03_single_event_benchmarks,metabric,,tune,0.6706524790863687,0.6529229607857452,0.6146731101965145,0.1156307603963943,0.19152268828258018,0.22538870204343012,0.646082850022876,0.18911008536815643,0.646082850022876,0.17751405024080155,72.22080537786103,82.19453528717716,72.22080537786103,82.19453528717716,0.6551316976547241,329.0,0.18911008536815643,0.6110397940444714,0.5895739793777466,0.6078049540519714,0.622570276260376,0.6093401312828064,578.0,0.6110397940444714,0.7217,800.845,2.771,,,16.0,4.0,8.0,32.0,0.001,,tune
tune__metabric__17,03_single_event_benchmarks,metabric,,tune,0.6732080288266474,0.6514901335831919,0.6359013310212109,0.1153949988361921,0.19051275288827046,0.21753137950550303,0.6535331644770167,0.1863049417734146,0.6535331644770167,0.17447971040998853,66.61293387103505,80.6380713742458,66.61293387103505,80.6380713742458,0.6516196727752686,329.0,0.1863049417734146,0.6132979931557717,0.6063459515571594,0.6140426993370056,0.6305145621299744,0.6018441915512085,578.0,0.6132979931557717,0.8029,719.868,2.491,,,17.0,4.0,8.0,32.0,0.0001,,tune
tune__metabric__18,03_single_event_benchmarks,metabric,,tune,0.6761466588540129,0.6488238404060833,0.62136707498419,0.11737132744318068,0.193717288389549,0.2251412171833546,0.6487791914147621,0.19087497889995575,0.6487791914147621,0.1787432776720281,68.6374152503783,81.88940972664413,68.6374152503783,81.88940972664413,0.6581408381462097,329.0,0.19087497889995575,0.6142811102744861,0.5969617366790771,0.6121025085449219,0.6250334978103638,0.6116173267364502,578.0,0.6142811102744861,0.7343,787.161,2.724,,,18.0,4.0,8.0,64.0,0.001,,tune
tune__metabric__19,03_single_event_benchmarks,metabric,,tune,0.6628383933589832,0.623805872862799,0.6056211841221687,0.11777791966506605,0.20112431805251663,0.2354807935063848,0.6307551501146503,0.19744087755680084,0.6307551501146503,0.1847943437413225,74.32218418087854,87.50364486432208,74.32218418087854,87.50364486432208,0.6888237595558167,329.0,0.19744087755680084,0.551572922967438,0.564008891582489,0.5697768926620483,0.5922076106071472,0.5092276334762573,578.0,0.551572922967438,0.7239,798.41,2.763,,,19.0,4.0,8.0,64.0,0.0001,,tune
tune__metabric__20,03_single_event_benchmarks,metabric,,tune,0.6808703340636777,0.6569006647094021,0.631979711311717,0.12139289724873692,0.19786370830576283,0.23135424489668774,0.6565835700282655,0.19610106945037842,0.6565835700282655,0.18353695015039584,60.72011346675968,81.88331000026828,60.72011346675968,81.88331000026828,0.6725649833679199,329.0,0.19610106945037842,0.6203610080502409,0.603968620300293,0.6151479482650757,0.634127140045166,0.6167677640914917,578.0,0.6203610080502409,0.691,836.525,2.895,,,20.0,4.0,16.0,32.0,0.001,,tune
tune__metabric__21,03_single_event_benchmarks,metabric,,tune,0.6637644627562059,0.6316032177499339,0.6210924043110533,0.11790150232990923,0.20081703029743644,0.23456342327575794,0.6388200282723977,0.1971520334482193,0.6388200282723977,0.18442731863436787,75.64381684895774,87.0978240195482,75.64381684895774,87.0978240195482,0.7130134105682373,329.0,0.1971520334482193,0.6044175517136943,0.5824058651924133,0.5883308053016663,0.6053999662399292,0.617158055305481,578.0,0.6044175517136943,0.7337,787.799,2.726,,,21.0,4.0,16.0,32.0,0.0001,,tune
tune__metabric__22,03_single_event_benchmarks,metabric,,tune,0.6900492071276785,0.6632552747963251,0.6340359869221319,0.11481058464723255,0.1904965760214347,0.21868959709069505,0.6624468229487118,0.18652963638305664,0.6624468229487118,0.17466558591978742,66.43181412708593,80.9725358555918,66.43181412708593,80.9725358555918,0.6480874419212341,329.0,0.18652963638305664,0.612833339288849,0.595329225063324,0.6045446395874023,0.6230811476707458,0.613671600818634,578.0,0.612833339288849,0.7274,794.588,2.749,,,22.0,4.0,16.0,64.0,0.001,,tune
tune__metabric__23,03_single_event_benchmarks,metabric,,tune,0.687766237499633,0.6649963428299971,0.6425416121075082,0.11369826425910451,0.18822193429373904,0.21635863738816502,0.6651013974790461,0.1845400631427765,0.6651013974790461,0.1727596119803362,64.48803587638189,79.66636743894225,64.48803587638189,79.66636743894225,0.643532395362854,329.0,0.1845400631427765,0.6241312489841446,0.6107450127601624,0.6196115612983704,0.6327863335609436,0.6232477426528931,578.0,0.6241312489841446,0.7089,815.374,2.821,,,23.0,4.0,16.0,64.0,0.0001,,tune
tune__support__00,03_single_event_benchmarks,support,,tune,0.6414511484226344,0.5949666418946948,0.5859671804353792,0.13422191821248744,0.21599180739434942,0.236943217434416,0.6074616569175695,0.2170761674642563,0.6074616569175695,0.19571898101375096,644.2423591639244,822.8004498538209,644.2423591639244,822.8004498538209,0.9170212149620056,1844.0,0.2170761674642563,0.5729596072823738,0.5359824895858765,0.5673353672027588,0.5870320200920105,0.5742999911308289,2706.0,0.5729596072823738,4.4671,605.762,1.343,,,0.0,2.0,8.0,32.0,0.001,,tune
tune__support__01,03_single_event_benchmarks,support,,tune,0.5984642725881264,0.575411617708647,0.5550646785213862,0.13825894752362408,0.22080005670100616,0.24871889411191184,0.5763135229393865,0.22467546164989471,0.5763135229393865,0.20259263277884734,613.7675764345263,841.7992528473809,613.7675764345263,841.7992528473809,0.9644957780838013,1844.0,0.22467546164989471,0.5113410608366855,0.5331346988677979,0.5328578352928162,0.5375688076019287,0.47571465373039246,2706.0,0.5113410608366855,3.7749,716.832,1.589,,,1.0,2.0,8.0,32.0,0.0001,,tune
tune__support__02,03_single_event_benchmarks,support,,tune,0.640818434311714,0.600879034160104,0.5895326245540035,0.13457987030844124,0.2154058379677164,0.2350400522544071,0.6104100310086071,0.21602991223335266,0.6104100310086071,0.19500858684352154,602.7703275442842,799.1942621687327,602.7703275442842,799.1942621687327,0.9112825989723206,1844.0,0.21602991223335266,0.5730550547237359,0.5433344841003418,0.5667876601219177,0.5869191288948059,0.5730822682380676,2706.0,0.5730550547237359,3.6758,736.173,1.632,,,2.0,2.0,8.0,64.0,0.001,,tune
tune__support__03,03_single_event_benchmarks,support,,tune,0.6081006015436363,0.5782233106726653,0.5787256056163058,0.137421488036813,0.21975471154819354,0.24239888878990234,0.5883498392775358,0.2214786857366562,0.5883498392775358,0.1998583627916363,663.0276089635033,849.372329188704,663.0276089635033,849.372329188704,0.9468397498130798,1844.0,0.2214786857366562,0.5661756276149172,0.5496315360069275,0.5600781440734863,0.5690405368804932,0.571112334728241,2706.0,0.5661756276149172,4.0312,671.261,1.488,,,3.0,2.0,8.0,64.0,0.0001,,tune
tune__support__04,03_single_event_benchmarks,support,,tune,0.6565544064350747,0.5985019632158469,0.5861820532451211,0.13597729926379726,0.21924130051033555,0.23619077186601137,0.6137461409653476,0.21856391429901123,0.6137461409653476,0.19713645721338138,554.5918799506957,775.8955458641992,554.5918799506957,775.8955458641992,0.9204322695732117,1844.0,0.21856391429901123,0.5741506442054213,0.5523859262466431,0.5767534971237183,0.5863115191459656,0.5691172480583191,2706.0,0.5741506442054213,3.992,677.855,1.503,,,4.0,2.0,16.0,32.0,0.001,,tune
tune__support__05,03_single_event_benchmarks,support,,tune,0.5866436842570494,0.5707788634263345,0.5770768630736562,0.1381615219985491,0.22027607827332016,0.2443734757671074,0.5781664702523467,0.22262217104434967,0.5781664702523467,0.20093702534632554,633.6892964858562,844.2836141546351,633.6892964858562,844.2836141546351,0.9584307670593262,1844.0,0.22262217104434967,0.5684261922873711,0.5618818998336792,0.5661791563034058,0.571262001991272,0.569022536277771,2706.0,0.5684261922873711,3.5408,764.242,1.695,,,5.0,2.0,16.0,32.0,0.0001,,tune
tune__support__06,03_single_event_benchmarks,support,,tune,0.6492628415376814,0.6005455272746332,0.5880444046398081,0.13433016787309807,0.21661336170595533,0.23574344956655185,0.6126175911507076,0.21690885722637177,0.6126175911507076,0.19556232638186843,554.3010190651629,776.496232628678,554.3010190651629,776.496232628678,0.9098387360572815,1844.0,0.21690885722637177,0.5749329528691176,0.5549479722976685,0.571257472038269,0.5857591032981873,0.5735592842102051,2706.0,0.5749329528691176,3.8318,706.204,1.566,,,6.0,2.0,16.0,64.0,0.001,,tune
tune__support__07,03_single_event_benchmarks,support,,tune,0.6444463053683,0.5929332140718644,0.5853389934563104,0.13432497844106883,0.21690705728729198,0.23554728624450522,0.6075728376321582,0.21697330474853516,0.6075728376321582,0.1955931073242887,594.6858726898905,797.077612066118,594.6858726898905,797.077612066118,0.9126298427581787,1844.0,0.21697330474853516,0.5705788865487387,0.5405831336975098,0.5643378496170044,0.5822677612304688,0.5722898840904236,2706.0,0.5705788865487387,3.85,702.856,1.558,,,7.0,2.0,16.0,64.0,0.0001,,tune
tune__support__08,03_single_event_benchmarks,support,,tune,0.6581473572555095,0.6027532489108491,0.5884430930128418,0.13309106612164878,0.2154844784114145,0.23465491640562272,0.6164478997264001,0.2157915234565735,0.6164478997264001,0.19441015364622868,551.0655557062207,778.014907646113,551.0655557062207,778.014907646113,0.9067182540893555,1844.0,0.2157915234565735,0.5736489326742433,0.5480475425720215,0.5651664137840271,0.5908629298210144,0.571246325969696,2706.0,0.5736489326742433,3.4494,784.476,1.739,,,8.0,3.0,8.0,32.0,0.001,,tune
tune__support__09,03_single_event_benchmarks,support,,tune,0.5770529479360028,0.5579649306013953,0.5343048954887544,0.13928728864326825,0.22249333004634173,0.24959736255973633,0.5564409246753842,0.2259829342365265,0.5564409246753842,0.20379266041644875,617.1820554906733,844.002617731212,617.1820554906733,844.002617731212,0.969617486000061,1844.0,0.2259829342365265,0.5053841865486142,0.525368869304657,0.5247766971588135,0.5207335352897644,0.4793984591960907,2706.0,0.5053841865486142,3.5968,752.34,1.668,,,9.0,3.0,8.0,32.0,0.0001,,tune
tune__support__10,03_single_event_benchmarks,support,,tune,0.6442332295868284,0.5940697086252446,0.5883753809929652,0.13402764390389713,0.21588631424081964,0.23506051759251054,0.6088927730683461,0.21624581515789032,0.6088927730683461,0.19499149191240908,605.1018052691586,803.2480157927212,605.1018052691586,803.2480157927212,0.9140543937683105,1844.0,0.21624581515789032,0.5765926555549171,0.5429297685623169,0.5720996260643005,0.5869050025939941,0.5793747901916504,2706.0,0.5765926555549171,3.6579,739.77,1.64,,,10.0,3.0,8.0,64.0,0.001,,tune
tune__support__11,03_single_event_benchmarks,support,,tune,0.5842705411101341,0.5593706534707708,0.5488449232235977,0.13922372681679215,0.22252192870195603,0.2491207023920722,0.5641620392681675,0.22579838335514069,0.5641620392681675,0.20362211930360677,612.8879403329037,839.7843003478239,612.8879403329037,839.7843003478239,0.9658818244934082,1844.0,0.22579838335514069,0.5270440961883904,0.5115842223167419,0.5208755135536194,0.5402185916900635,0.524027943611145,2706.0,0.5270440961883904,3.7484,721.899,1.601,,,11.0,3.0,8.0,64.0,0.0001,,tune
tune__support__12,03_single_event_benchmarks,support,,tune,0.656981488459946,0.6005734637298282,0.5900091366085487,0.13611728296177927,0.2189649328250307,0.23747058924745473,0.6158546962661077,0.21894878149032593,0.6158546962661077,0.19751760167808827,528.7732521978625,765.5840751589603,528.7732521978625,765.5840751589603,0.9190916419029236,1844.0,0.21894878149032593,0.574725253567973,0.5543692111968994,0.5744568109512329,0.5878839492797852,0.5700147151947021,2706.0,0.574725253567973,3.764,718.915,1.594,,,12.0,3.0,16.0,32.0,0.001,,tune
tune__support__13,03_single_event_benchmarks,support,,tune,0.5749570824435791,0.5652907097194636,0.5612201525416384,0.1392674353634749,0.2220754603278615,0.24836245921755454,0.5671559815682271,0.2252650111913681,0.5671559815682271,0.20323511830296362,620.5767468897961,843.9550043790033,620.5767468897961,843.9550043790033,0.9691493511199951,1844.0,0.2252650111913681,0.5486411545941138,0.5523940324783325,0.5537415742874146,0.5562653541564941,0.539490282535553,2706.0,0.5486411545941138,3.7667,718.408,1.593,,,13.0,3.0,16.0,32.0,0.0001,,tune
tune__support__14,03_single_event_benchmarks,support,,tune,0.651518281250727,0.6004424343382051,0.588765582792841,0.134159201608481,0.2180947678552703,0.2394437735163488,0.6135754327939243,0.2191266417503357,0.6135754327939243,0.1972325809933667,660.4969927918625,827.2936172237747,660.4969927918625,827.2936172237747,0.9179450869560242,1844.0,0.2191266417503357,0.570273272259663,0.5410109758377075,0.5673260688781738,0.5848094820976257,0.5680457949638367,2706.0,0.570273272259663,4.3532,621.61,1.378,,,14.0,3.0,16.0,64.0,0.001,,tune
tune__support__15,03_single_event_benchmarks,support,,tune,0.6081331677111101,0.5811032378104346,0.57998757710142,0.13760954431583503,0.21959084636237397,0.2421852148807644,0.5897413275409883,0.22134648263454437,0.5897413275409883,0.19979520185299113,565.9329937192573,806.8430083054915,565.9329937192573,806.8430083054915,0.9457188844680786,1844.0,0.22134648263454437,0.5649028265234639,0.5509117841720581,0.563087522983551,0.5745422840118408,0.5620241761207581,2706.0,0.5649028265234639,3.8095,710.334,1.575,,,15.0,3.0,16.0,64.0,0.0001,,tune
tune__support__16,03_single_event_benchmarks,support,,tune,0.6509065025331826,0.5932926796103928,0.5834995738656883,0.13347684034351226,0.21628757609181837,0.23582808546439613,0.6092329186697546,0.21671094000339508,0.6092329186697546,0.19519750063324226,581.5456562100702,792.0105890773174,581.5456562100702,792.0105890773174,0.9116658568382263,1844.0,0.21671094000339508,0.5716178262381804,0.5484362244606018,0.5669914484024048,0.582328200340271,0.5715871453285217,2706.0,0.5716178262381804,4.009,674.984,1.497,,,16.0,4.0,8.0,32.0,0.001,,tune
tune__support__17,03_single_event_benchmarks,support,,tune,0.5969880947396335,0.5786060153863117,0.5815194938391091,0.1380006557661014,0.21956608215976994,0.24154627007774856,0.5857045346550181,0.22109286487102509,0.5857045346550181,0.19970433600120663,574.5397676932878,807.9031104742504,574.5397676932878,807.9031104742504,0.9545559287071228,1844.0,0.22109286487102509,0.5697620610417715,0.5666200518608093,0.5674724578857422,0.5709116458892822,0.5708045959472656,2706.0,0.5697620610417715,3.5322,766.089,1.699,,,17.0,4.0,8.0,32.0,0.0001,,tune
tune__support__18,03_single_event_benchmarks,support,,tune,0.6536681135349645,0.6077385464242079,0.5864575960246724,0.13300539191636684,0.21399343492198122,0.2347913290203554,0.6159547519946149,0.21508963406085968,0.6159547519946149,0.19393005195290114,544.1183675386177,776.0224395283758,544.1183675386177,776.0224395283758,0.9084795713424683,1844.0,0.21508963406085968,0.5727193190475309,0.5479426980018616,0.567864716053009,0.587952196598053,0.5698069930076599,2706.0,0.5727193190475309,4.1646,649.765,1.441,,,18.0,4.0,8.0,64.0,0.001,,tune
tune__support__19,03_single_event_benchmarks,support,,tune,0.6203501328234402,0.5879909337550008,0.586482514047987,0.1357564589614651,0.2169241471467419,0.24012110401874548,0.598274526875476,0.2189883589744568,0.598274526875476,0.19760057004231749,587.0226734978129,814.5973600413716,587.0226734978129,814.5973600413716,0.9368193745613098,1844.0,0.2189883589744568,0.5703818942628205,0.5531733632087708,0.5627186298370361,0.5762917399406433,0.5739744901657104,2706.0,0.5703818942628205,3.8726,698.758,1.549,,,19.0,4.0,8.0,64.0,0.0001,,tune
tune__support__20,03_single_event_benchmarks,support,,tune,0.6550545018074223,0.6073190051457467,0.5935447874384272,0.13352696902192648,0.21548585991913974,0.23677098952791553,0.6186394314638654,0.2166856974363327,0.6186394314638654,0.1952612728229939,666.3039562495005,825.8302981370402,666.3039562495005,825.8302981370402,0.9164742231369019,1844.0,0.2166856974363327,0.5767395947332292,0.5439918637275696,0.5689972043037415,0.5916216373443604,0.5774776339530945,2706.0,0.5767395947332292,4.1427,653.202,1.448,,,20.0,4.0,16.0,32.0,0.001,,tune
tune__support__21,03_single_event_benchmarks,support,,tune,0.6046578924106872,0.5791538665784567,0.580527106475797,0.13676497264835785,0.21773959856459701,0.23957657240840732,0.5881129551549803,0.21926212310791016,0.5881129551549803,0.19802704787378742,604.6241469193541,821.9333655797423,604.6241469193541,821.9333655797423,0.9459231495857239,1844.0,0.21926212310791016,0.5637005354018221,0.5573735237121582,0.5703592896461487,0.5748758316040039,0.5536028742790222,2706.0,0.5637005354018221,3.7412,723.299,1.604,,,21.0,4.0,16.0,32.0,0.0001,,tune
tune__support__22,03_single_event_benchmarks,support,,tune,0.6551363824570708,0.6018046455605511,0.5897254683866121,0.13753567040396955,0.21947377671568538,0.23607068684024396,0.6155554988014114,0.2187771052122116,0.6155554988014114,0.19769337798663297,551.3175738409425,776.0478786967699,551.3175738409425,776.0478786967699,0.9225993156433105,1844.0,0.2187771052122116,0.5754080270079128,0.5431485176086426,0.5743883848190308,0.5888842940330505,0.5737610459327698,2706.0,0.5754080270079128,4.0838,662.615,1.469,,,22.0,4.0,16.0,64.0,0.001,,tune
tune__support__23,03_single_event_benchmarks,support,,tune,0.6370826296715004,0.5873083447922245,0.5798277767345111,0.13460007685679054,0.2172339915292761,0.23566188924358866,0.6014062503994121,0.21720737218856812,0.6014062503994121,0.1958319858765518,616.2755222844188,806.4946361825833,616.2755222844188,806.4946361825833,0.91666179895401,1844.0,0.21720737218856812,0.5692231447303391,0.5423892736434937,0.5691179633140564,0.579271674156189,0.5683561563491821,2706.0,0.5692231447303391,3.458,782.541,1.735,,,23.0,4.0,16.0,64.0,0.0001,,tune
